,Unnamed: 0,Nama HP,Chipset,RAM,Penyimpanan internal,Ukuran Layar,Kapasitas Baterai,Resolusi kamera depan,Resolusi kamera belakang,Harga,Link Foto,Unnamed: 0,ram,rom,layar,baterai,kamera_depan,kamera_belakang,harga,kategori_harga,kategori_ram,kategori_rom,kategori_layar,kategori_kamera,kategori_baterai,skor_total,HP,Link Foto,Harga_rp,Link_Hp
0,0,Xiaomi Redmi Note 10,SDM678 Snapdragon 678 (11 nm),4 GB,64 GB,6.43 inch,5000 mAh,13 MP,48 MP,Rp 2.099.000,https://d1n6dbtoa2690v.cloudfront.net/images/product/150/95360_150_1.jpg,0,4,64,6.43,5000,13.0,48,2099000.0,4.0,2.0,2.0,2.0,2.0,2.0,781.4790538300001,Xiaomi Redmi Note 10,https://d1n6dbtoa2690v.cloudfront.net/images/product/150/95360_150_1.jpg,Rp 2.099.000,https://www.pricebook.co.id//Xiaomi-Redmi-Note-10-RAM-4GB-ROM-64GB/40/PD_00095360
1,1,Xiaomi Redmi Note 11,SM6225 Snapdragon 680 4G (6 nm),6 GB,128 GB,6.43 inch,5000 mAh,13 MP,50 MP,Rp 2.499.000,https://d1n6dbtoa2690v.cloudfront.net/images/product/150/97412_150_1.jpg,1,6,128,6.43,5000,13.0,50,2499000.0,4.0,2.0,2.0,2.0,3.0,2.0,828.0004498300002,Xiaomi Redmi Note 11,https://d1n6dbtoa2690v.cloudfront.net/images/product/150/97412_150_1.jpg,Rp 2.499.000,https://www.pricebook.co.id//Xiaomi-Redmi-Note-11-RAM-6GB-ROM-128GB/40/PD_00097412
2,2,Xiaomi Redmi Note 10S,Helio G95 (12 nm),6 GB,128 GB,6.43 inch,5000 mAh,13 MP,64 MP,Rp 2.319.000,https://d1n6dbtoa2690v.cloudfront.net/images/product/150/95765_150_1.jpg,2,6,128,6.43,5000,13.0,64,2319000.0,4.0,2.0,2.0,2.0,3.0,2.0,834.1595258300001,Xiaomi Redmi Note 10S,https://d1n6dbtoa2690v.cloudfront.net/images/product/150/95765_150_1.jpg,Rp 2.319.000,https://www.pricebook.co.id//Xiaomi-Redmi-Note-10S-RAM-6GB-ROM-128GB/40/PD_00095765
3,3,Xiaomi Redmi Note 11 Pro 5G,SM6375 Snapdragon 695 5G (6 nm),8 GB,128 GB,6.67 inch,5000 mAh,16 MP,108 MP,Rp 3.850.000,https://d1n6dbtoa2690v.cloudfront.net/images/product/150/97693_150_1.jpg,3,8,128,6.67,5000,16.0,108,3850000.0,6.0,2.0,2.0,2.0,3.0,2.0,854.9739532700002,Xiaomi Redmi Note 11 Pro 5G,https://d1n6dbtoa2690v.cloudfront.net/images/product/150/97693_150_1.jpg,Rp 3.850.000,https://www.pricebook.co.id//Xiaomi-Redmi-Note-11-Pro-5G-RAM-8GB-ROM-128GB/40/PD_00097693
4,4,Xiaomi Redmi Note 10S,Helio G95 (12 nm),8 GB,128 GB,6.43 inch,5000 mAh,13 MP,64 MP,Rp 2.510.000,https://d1n6dbtoa2690v.cloudfront.net/images/product/150/95766_150_1.jpg,4,8,128,6.43,5000,13.0,64,2510000.0,5.0,2.0,2.0,2.0,3.0,2.0,835.5707818300001,Xiaomi Redmi Note 10S,https://d1n6dbtoa2690v.cloudfront.net/images/product/150/95766_150_1.jpg,Rp 2.510.000,https://www.pricebook.co.id//Xiaomi-Redmi-Note-10S-RAM-8GB-ROM-128GB/40/PD_00095766
5,5,Xiaomi Redmi Note 10 Pro,SM7150 Snapdragon 732G,8 GB,128 GB,6.67 inch,5020 mAh,16 MP,108 MP,Rp 3.190.000,https://d1n6dbtoa2690v.cloudfront.net/images/product/150/95365_150_1.jpg,5,8,128,6.67,5020,16.0,108,3190000.0,6.0,2.0,2.0,2.0,3.0,3.0,857.8222532700001,Xiaomi Redmi Note 10 Pro,https://d1n6dbtoa2690v.cloudfront.net/images/product/150/95365_150_1.jpg,Rp 3.190.000,https://www.pricebook.co.id//Xiaomi-Redmi-Note-10-Pro-RAM-8GB-ROM-128GB/40/PD_00095365
6,6,Xiaomi Redmi 10,Helio G88,6 GB,128 GB,6.5 inch,5000 mAh,8 MP,50 MP,Rp 2.024.900,https://d1n6dbtoa2690v.cloudfront.net/images/product/150/97098_150_1.jpg,6,6,128,6.5,5000,8.0,50,2024900.0,4.0,2.0,2.0,2.0,3.0,2.0,828.0138885000001,Xiaomi Redmi 10,https://d1n6dbtoa2690v.cloudfront.net/images/product/150/97098_150_1.jpg,Rp 2.024.900,https://www.pricebook.co.id//Xiaomi-Redmi-10-RAM-6GB-ROM-128GB/40/PD_00097098
7,7,Xiaomi Redmi Note 10,SDM678 Snapdragon 678 (11 nm),6 GB,128 GB,6.43 inch,5000 mAh,13 MP,48 MP,Rp 2.499.000,https://d1n6dbtoa2690v.cloudfront.net/images/product/150/95362_150_1.jpg,7,6,128,6.43,5000,13.0,48,2499000.0,4.0,2.0,2.0,2.0,2.0,2.0,827.1205818300002,Xiaomi Redmi Note 10,https://d1n6dbtoa2690v.cloudfront.net/images/product/150/95362_150_1.jpg,Rp 2.499.000,https://www.pricebook.co.id//Xiaomi-Redmi-Note-10-RAM-6GB-ROM-128GB/40/PD_00095362
8,8,Xiaomi Redmi 9T,SM6115 Snapdragon 662 (11 nm),6 GB,128 GB,6.53 inch,6000 mAh,8 MP,48 MP,Rp 1.949.000,https://d1n6dbtoa2690v.cloudfront.net/images/product/150/95086_150_1.jpg,8,6,128,6.53,6000,8.0,48,1949000.0,3.0,2.0,2.0,2.0,2.0,3.0,969.5547799300002,Xiaomi Redmi 9T,https://d1n6dbtoa2690v.cloudfront.net/images/product/150/95086_150_1.jpg,Rp 1.949.000,https://www.pricebook.co.id//Xiaomi-Redmi-9T-128GB/40/PD_00095086
9,9,Xiaomi Redmi 9C,Helio G35 (12 nm),4 GB,64 GB,6.53 inch,5000 mAh,5 MP,13 MP,Rp 1.419.000,https://d1n6dbtoa2690v.cloudfront.net/images/product/150/93629_150_1.jpg,9,4,64,6.53,5000,5.0,13,1419000.0,2.0,2.0,2.0,2.0,1.0,2.0,766.10056193,Xiaomi Redmi 9C,https://d1n6dbtoa2690v.cloudfront.net/images/product/150/93629_150_1.jpg,Rp 1.419.000,https://www.pricebook.co.id//Xiaomi-Redmi-9C-RAM-4GB-ROM-64GB/40/PD_00093629
10,10,Xiaomi Redmi 9A,Helio G25 (12 nm),3 GB,32 GB,6.53 inch,5000 mAh,5 MP,13 MP,Rp 1.000.000,https://d1n6dbtoa2690v.cloudfront.net/images/product/150/93465_150_1.jpg,10,3,32,6.53,5000,5.0,13,1000000.0,2.0,1.0,2.0,2.0,1.0,2.0,743.2797979300001,Xiaomi Redmi 9A,https://d1n6dbtoa2690v.cloudfront.net/images/product/150/93465_150_1.jpg,Rp 1.000.000,https://www.pricebook.co.id//Xiaomi-Redmi-9A-RAM-3GB-ROM-32GB/40/PD_00093465
11,11,Xiaomi Redmi 10a,MT6762G Helio G25 (12 nm),4 GB,64 GB,6.53 inch,5000 mAh,5 MP,13 MP,Rp 1.300.000,https://d1n6dbtoa2690v.cloudfront.net/images/product/150/98256_150_1.jpg,11,4,64,6.53,5000,5.0,13,1300000.0,2.0,2.0,2.0,2.0,1.0,2.0,766.10056193,Xiaomi Redmi 10a,https://d1n6dbtoa2690v.cloudfront.net/images/product/150/98256_150_1.jpg,Rp 1.300.000,https://www.pricebook.co.id//Xiaomi-Redmi-10a-RAM-4GB-ROM-64GB/40/PD_00098256
12,12,Xiaomi Redmi Note 8,SDM665 Snapdragon 665,4 GB,64 GB,6.3 inch,4000 mAh,13 MP,48 MP,Rp 1.999.000,https://d1n6dbtoa2690v.cloudfront.net/images/product/150/86359_150_1.jpg,12,4,64,6.3,4000,13.0,48,1999000.0,3.0,2.0,2.0,2.0,2.0,1.0,639.0390963000001,Xiaomi Redmi Note 8,https://d1n6dbtoa2690v.cloudfront.net/images/product/150/86359_150_1.jpg,Rp 1.999.000,https://www.pricebook.co.id//Xiaomi-Redmi-Note-8-RAM-4GB-ROM-64GB/40/PD_00086359
13,13,Xiaomi Redmi Note 9,Helio G85,6 GB,128 GB,6.53 inch,5200 mAh,13 MP,48 MP,Rp 1.849.000,https://d1n6dbtoa2690v.cloudfront.net/images/product/150/93082_150_1.jpg,13,6,128,6.53,5200,13.0,48,1849000.0,3.0,2.0,2.0,2.0,2.0,3.0,855.6227799300002,Xiaomi Redmi Note 9,https://d1n6dbtoa2690v.cloudfront.net/images/product/150/93082_150_1.jpg,Rp 1.849.000,https://www.pricebook.co.id//Xiaomi-Redmi-Note-9-RAM-6GB-ROM-128GB/40/PD_00093082
14,14,Xiaomi Redmi Note 11,SM6225 Snapdragon 680 4G (6 nm),4 GB,128 GB,6.43 inch,5000 mAh,13 MP,50 MP,Rp 2.185.000,https://d1n6dbtoa2690v.cloudfront.net/images/product/150/97411_150_1.jpg,14,4,128,6.43,5000,13.0,50,2185000.0,4.0,2.0,2.0,2.0,3.0,2.0,826.5891938300001,Xiaomi Redmi Note 11,https://d1n6dbtoa2690v.cloudfront.net/images/product/150/97411_150_1.jpg,Rp 2.185.000,https://www.pricebook.co.id//Xiaomi-Redmi-Note-11-RAM-4GB-ROM-128GB/40/PD_00097411
15,15,Xiaomi Redmi Note 11 Pro,Qualcomm SM6375 Snapdragon 695 5G (6 nm),8 GB,128 GB,6.67 inch,5000 mAh,16 MP,108 MP,Rp 3.450.000,https://d1n6dbtoa2690v.cloudfront.net/images/product/150/97419_150_1.jpg,15,8,128,6.67,5000,16.0,108,3450000.0,6.0,2.0,2.0,2.0,3.0,2.0,854.9739532700002,Xiaomi Redmi Note 11 Pro,https://d1n6dbtoa2690v.cloudfront.net/images/product/150/97419_150_1.jpg,Rp 3.450.000,https://www.pricebook.co.id//Xiaomi-Redmi-Note-11-Pro-RAM-8GB-ROM-128GB/40/PD_00097419
16,16,Xiaomi Redmi 10,Helio G88,4 GB,64 GB,6.5 inch,5000 mAh,8 MP,50 MP,Rp 1.584.000,https://d1n6dbtoa2690v.cloudfront.net/images/product/150/97097_150_1.jpg,16,4,64,6.5,5000,8.0,50,1584000.0,3.0,2.0,2.0,2.0,3.0,2.0,782.3723605,Xiaomi Redmi 10,https://d1n6dbtoa2690v.cloudfront.net/images/product/150/97097_150_1.jpg,Rp 1.584.000,https://www.pricebook.co.id//Xiaomi-Redmi-10-RAM-4GB-ROM-64GB/40/PD_00097097
17,17,Xiaomi Redmi Note 10 Pro,SM7150 Snapdragon 732G,6 GB,128 GB,6.67 inch,5020 mAh,16 MP,108 MP,Rp 3.189.000,https://d1n6dbtoa2690v.cloudfront.net/images/product/150/95364_150_1.jpg,17,6,128,6.67,5020,16.0,108,3189000.0,6.0,2.0,2.0,2.0,3.0,3.0,856.4109972700002,Xiaomi Redmi Note 10 Pro,https://d1n6dbtoa2690v.cloudfront.net/images/product/150/95364_150_1.jpg,Rp 3.189.000,https://www.pricebook.co.id//Xiaomi-Redmi-Note-10-Pro-RAM-6GB-ROM-128GB/40/PD_00095364
18,18,Xiaomi Redmi 10C,SM6225 Snapdragon 680 4G (6 nm),4 GB,128 GB,6.71 inch,5000 mAh,5 MP,50 MP,Rp 1.675.000,https://d1n6dbtoa2690v.cloudfront.net/images/product/150/97818_150_1.jpg,18,4,128,6.71,5000,5.0,50,1675000.0,3.0,2.0,2.0,2.0,3.0,2.0,826.6429485100001,Xiaomi Redmi 10C,https://d1n6dbtoa2690v.cloudfront.net/images/product/150/97818_150_1.jpg,Rp 1.675.000,https://www.pricebook.co.id//Xiaomi-Redmi-10C-RAM-4GB-ROM-128GB/40/PD_00097818
19,19,Xiaomi Redmi Note 9,Helio G85 (12nm),4 GB,64 GB,6.53 inch,5020 mAh,13 MP,48 MP,Rp 1.500.000,https://d1n6dbtoa2690v.cloudfront.net/images/product/150/93081_150_1.jpg,19,4,64,6.53,5020,13.0,48,1500000.0,3.0,2.0,2.0,2.0,2.0,3.0,784.34655193,Xiaomi Redmi Note 9,https://d1n6dbtoa2690v.cloudfront.net/images/product/150/93081_150_1.jpg,Rp 1.500.000,https://www.pricebook.co.id//Xiaomi-Redmi-Note-9-RAM-4GB-ROM-64GB/40/PD_00093081
20,20,Xiaomi Redmi Note 9 Pro,SM7125 Snapdragon 720G,8 GB,128 GB,6.67 inch,5020 mAh,16 MP,64 MP,Rp 2.499.000,https://d1n6dbtoa2690v.cloudfront.net/images/product/150/93094_150_1.jpg,20,8,128,6.67,5020,16.0,64,2499000.0,4.0,2.0,2.0,2.0,3.0,3.0,838.4651572700001,Xiaomi Redmi Note 9 Pro,https://d1n6dbtoa2690v.cloudfront.net/images/product/150/93094_150_1.jpg,Rp 2.499.000,https://www.pricebook.co.id//Xiaomi-Redmi-Note-9-Pro-RAM-8GB-ROM-128GB/40/PD_00093094
21,21,Xiaomi Redmi Note 5A,MSM8917 Snapdragon 425,2 GB,16 GB,5.5 inch,3080 mAh,5 MP,13 MP,Rp 1.095.001,https://d1n6dbtoa2690v.cloudfront.net/images/product/150/70761_150_1.jpg,21,2,16,5.5,3080,5.0,13,1095001.0,2.0,1.0,1.0,1.0,1.0,1.0,457.8820615,Xiaomi Redmi Note 5A,https://d1n6dbtoa2690v.cloudfront.net/images/product/150/70761_150_1.jpg,Rp 1.095.001,https://www.pricebook.co.id//Xiaomi-Redmi-Note-5A-RAM-2GB-ROM-16GB/40/PD_00070761
22,22,Xiaomi Redmi 10C,SM6225 Snapdragon 680 4G (6 nm),4 GB,64 GB,6.71 inch,5000 mAh,5 MP,50 MP,Rp 1.655.000,https://d1n6dbtoa2690v.cloudfront.net/images/product/150/97817_150_1.jpg,22,4,64,6.71,5000,5.0,50,1655000.0,3.0,2.0,2.0,2.0,3.0,2.0,782.4126765100001,Xiaomi Redmi 10C,https://d1n6dbtoa2690v.cloudfront.net/images/product/150/97817_150_1.jpg,Rp 1.655.000,https://www.pricebook.co.id//Xiaomi-Redmi-10C-RAM-4GB-ROM-64GB/40/PD_00097817
23,23,Xiaomi Redmi Note 10S,Helio G95 (12 nm),6 GB,64 GB,6.43 inch,5000 mAh,13 MP,64 MP,Rp 1.899.000,https://d1n6dbtoa2690v.cloudfront.net/images/product/150/95764_150_1.jpg,23,6,64,6.43,5000,13.0,64,1899000.0,3.0,2.0,2.0,2.0,3.0,2.0,789.9292538300001,Xiaomi Redmi Note 10S,https://d1n6dbtoa2690v.cloudfront.net/images/product/150/95764_150_1.jpg,Rp 1.899.000,https://www.pricebook.co.id//Xiaomi-Redmi-Note-10S-RAM-6GB-ROM-64GB/40/PD_00095764
24,24,Xiaomi Redmi 8,SDM439 Snapdragon 439,4 GB,64 GB,6.22 inch,5000 mAh,8 MP,12 MP,Rp 1.820.000,https://d1n6dbtoa2690v.cloudfront.net/images/product/150/86099_150_1.jpg,24,4,64,6.22,5000,8.0,12,1820000.0,3.0,2.0,2.0,2.0,1.0,2.0,765.60111382,Xiaomi Redmi 8,https://d1n6dbtoa2690v.cloudfront.net/images/product/150/86099_150_1.jpg,Rp 1.820.000,https://www.pricebook.co.id//Xiaomi-Redmi-8-RAM-4GB-ROM-64GB/40/PD_00086099
25,25,Xiaomi Redmi 9C,Helio G35 (12 nm),3 GB,32 GB,6.53 inch,5000 mAh,5 MP,13 MP,Rp 1.000.000,https://d1n6dbtoa2690v.cloudfront.net/images/product/150/93628_150_1.jpg,25,3,32,6.53,5000,5.0,13,1000000.0,2.0,1.0,2.0,2.0,1.0,2.0,743.2797979300001,Xiaomi Redmi 9C,https://d1n6dbtoa2690v.cloudfront.net/images/product/150/93628_150_1.jpg,Rp 1.000.000,https://www.pricebook.co.id//Xiaomi-Redmi-9C-RAM-3GB-ROM-32GB/40/PD_00093628
26,26,Xiaomi Redmi Note 11 Pro,Mediatek Helio G96 (12 nm),6 GB,128 GB,6.67 inch,5000 mAh,16 MP,108 MP,Rp 3.195.000,https://d1n6dbtoa2690v.cloudfront.net/images/product/150/97418_150_1.jpg,26,6,128,6.67,5000,16.0,108,3195000.0,6.0,2.0,2.0,2.0,3.0,2.0,853.5626972700002,Xiaomi Redmi Note 11 Pro,https://d1n6dbtoa2690v.cloudfront.net/images/product/150/97418_150_1.jpg,Rp 3.195.000,https://www.pricebook.co.id//Xiaomi-Redmi-Note-11-Pro-RAM-6GB-ROM-128GB/40/PD_00097418
27,27,Xiaomi Redmi Note 8,SDM665 Snapdragon 665,6 GB,128 GB,6.3 inch,4000 mAh,13 MP,48 MP,Rp 2.800.000,https://d1n6dbtoa2690v.cloudfront.net/images/product/150/89342_150_1.jpg,27,6,128,6.3,4000,13.0,48,2800000.0,5.0,2.0,2.0,2.0,2.0,1.0,684.6806243000002,Xiaomi Redmi Note 8,https://d1n6dbtoa2690v.cloudfront.net/images/product/150/89342_150_1.jpg,Rp 2.800.000,https://www.pricebook.co.id//Xiaomi-Redmi-Note-8-RAM-6GB-ROM-128GB/40/PD_00089342
28,28,Xiaomi 11T Pro,SM8350 Snapdragon 888 5G,12 GB,256 GB,6.67 inch,5000 mAh,16 MP,108 MP,Rp 4.925.000,https://d1n6dbtoa2690v.cloudfront.net/images/product/150/97129_150_1.jpg,28,12,256,6.67,5000,16.0,108,4925000.0,7.0,3.0,3.0,2.0,3.0,2.0,946.25700927,Xiaomi 11T Pro,https://d1n6dbtoa2690v.cloudfront.net/images/product/150/97129_150_1.jpg,Rp 4.925.000,https://www.pricebook.co.id//Xiaomi-11T-Pro-RAM-12GB-ROM-256GB/40/PD_00097129
29,29,Xiaomi Redmi 9T,SM6115 Snapdragon 662 (11 nm),4 GB,64 GB,6.53 inch,6000 mAh,8 MP,48 MP,Rp 1.500.000,https://d1n6dbtoa2690v.cloudfront.net/images/product/150/95085_150_1.jpg,29,4,64,6.53,6000,8.0,48,1500000.0,3.0,2.0,2.0,2.0,2.0,3.0,923.91325193,Xiaomi Redmi 9T,https://d1n6dbtoa2690v.cloudfront.net/images/product/150/95085_150_1.jpg,Rp 1.500.000,https://www.pricebook.co.id//Xiaomi-Redmi-9T-64GB/40/PD_00095085
30,30,Xiaomi Redmi Note 5 Pro,SDM636 Snapdragon 636,4 GB,64 GB,5.99 inch,4000 mAh,20 MP,12 MP,Rp 2.049.000,https://d1n6dbtoa2690v.cloudfront.net/images/product/150/77341_150_1.jpg,30,4,64,5.99,4000,20.0,12,2049000.0,4.0,2.0,2.0,1.0,1.0,1.0,623.1419581900001,Xiaomi Redmi Note 5 Pro,https://d1n6dbtoa2690v.cloudfront.net/images/product/150/77341_150_1.jpg,Rp 2.049.000,https://www.pricebook.co.id//Xiaomi-Redmi-Note-5-Pro-4GB/40/PD_00077341
31,31,Xiaomi Redmi Note 10 Pro,SM7150 Snapdragon 732G,6 GB,64 GB,6.67 inch,5020 mAh,16 MP,108 MP,Rp 2.499.000,https://d1n6dbtoa2690v.cloudfront.net/images/product/150/95363_150_1.jpg,31,6,64,6.67,5020,16.0,108,2499000.0,4.0,2.0,2.0,2.0,3.0,3.0,812.1807252700002,Xiaomi Redmi Note 10 Pro,https://d1n6dbtoa2690v.cloudfront.net/images/product/150/95363_150_1.jpg,Rp 2.499.000,https://www.pricebook.co.id//Xiaomi-Redmi-Note-10-Pro-RAM-6GB-ROM-64GB/40/PD_00095363
32,32,Xiaomi Redmi 9A,MT6762G Helio G25 (12 nm),4 GB,128 GB,6.53 inch,5000 mAh,5 MP,13 MP,Rp 1.100.000,https://d1n6dbtoa2690v.cloudfront.net/images/product/150/98001_150_1.jpg,32,4,128,6.53,5000,5.0,13,1100000.0,2.0,2.0,2.0,2.0,1.0,2.0,810.33083393,Xiaomi Redmi 9A,https://d1n6dbtoa2690v.cloudfront.net/images/product/150/98001_150_1.jpg,Rp 1.100.000,https://www.pricebook.co.id//Xiaomi-Redmi-9A-RAM-4GB-ROM-128GB/40/PD_00098001
33,33,Xiaomi Redmi 9A,Helio G25 (12 nm),2 GB,32 GB,6.53 inch,5000 mAh,5 MP,13 MP,Rp 800.000,https://d1n6dbtoa2690v.cloudfront.net/images/product/150/93468_150_1.jpg,33,2,32,6.53,5000,5.0,13,800000.0,2.0,1.0,2.0,2.0,1.0,2.0,742.57416993,Xiaomi Redmi 9A,https://d1n6dbtoa2690v.cloudfront.net/images/product/150/93468_150_1.jpg,Rp 800.000,https://www.pricebook.co.id//Xiaomi-Redmi-9A-RAM-2GB-ROM-32GB/40/PD_00093468
34,34,Xiaomi Redmi Note 7,SDM660 Snapdragon 660,4 GB,64 GB,6.3 inch,4000 mAh,13 MP,48 MP,Rp 1.799.000,https://d1n6dbtoa2690v.cloudfront.net/images/product/150/81474_150_1.jpg,34,4,64,6.3,4000,13.0,48,1799000.0,3.0,2.0,2.0,2.0,2.0,1.0,639.0390963000001,Xiaomi Redmi Note 7,https://d1n6dbtoa2690v.cloudfront.net/images/product/150/81474_150_1.jpg,Rp 1.799.000,https://www.pricebook.co.id//Xiaomi-Redmi-Note-7-RAM-4GB-ROM-64GB/40/PD_00081474
35,35,Xiaomi Redmi Note 9 Pro,SM7125 Snapdragon 720G,6 GB,128 GB,6.67 inch,5020 mAh,16 MP,64 MP,Rp 2.675.000,https://d1n6dbtoa2690v.cloudfront.net/images/product/150/92365_150_1.jpg,35,6,128,6.67,5020,16.0,64,2675000.0,5.0,2.0,2.0,2.0,3.0,3.0,837.0539012700001,Xiaomi Redmi Note 9 Pro,https://d1n6dbtoa2690v.cloudfront.net/images/product/150/92365_150_1.jpg,Rp 2.675.000,https://www.pricebook.co.id//Xiaomi-Redmi-Note-9-Pro-RAM-6GB-ROM-128GB/40/PD_00092365
36,36,Xiaomi Redmi 4X,MSM8940 Snapdragon 435,3 GB,32 GB,5 inch,4100 mAh,5 MP,13 MP,Rp 1.184.000,https://d1n6dbtoa2690v.cloudfront.net/images/product/150/62883_150_1.jpg,36,3,32,5.0,4100,5.0,13,1184000.0,2.0,1.0,2.0,1.0,1.0,2.0,614.8125670000002,Xiaomi Redmi 4X,https://d1n6dbtoa2690v.cloudfront.net/images/product/150/62883_150_1.jpg,Rp 1.184.000,https://www.pricebook.co.id//Xiaomi-Redmi-4X-RAM-3GB-ROM-32GB/40/PD_00062883
37,37,Samsung Galaxy A13,850 (8nm),6 GB,128 GB,6.6 inch,5000 mAh,8 MP,50 MP,Rp 2.379.000,https://d1n6dbtoa2690v.cloudfront.net/images/product/150/97713_150_1.jpg,37,6,128,6.6,5000,8.0,50,2379000.0,4.0,2.0,2.0,2.0,3.0,2.0,828.0330866000002,Samsung Galaxy A13,https://d1n6dbtoa2690v.cloudfront.net/images/product/150/97713_150_1.jpg,Rp 2.379.000,https://www.pricebook.co.id//Samsung-Galaxy-A13-RAM-6GB-ROM-128GB/40/PD_00097713
38,38,Samsung Galaxy A03,Unisoc T606,4 GB,128 GB,6.5 inch,5000 mAh,5 MP,48 MP,Rp 1.690.000,https://d1n6dbtoa2690v.cloudfront.net/images/product/150/97471_150_1.jpg,38,4,128,6.5,5000,5.0,48,1690000.0,3.0,2.0,2.0,2.0,2.0,2.0,825.7227645,Samsung Galaxy A03,https://d1n6dbtoa2690v.cloudfront.net/images/product/150/97471_150_1.jpg,Rp 1.690.000,https://www.pricebook.co.id//Samsung-Galaxy-A03-RAM-4GB-ROM-128GB/40/PD_00097471
39,39,Samsung Galaxy A03,Unisoc T606,4 GB,64 GB,6.5 inch,5000 mAh,5 MP,48 MP,Rp 1.479.000,https://d1n6dbtoa2690v.cloudfront.net/images/product/150/97470_150_1.jpg,39,4,64,6.5,5000,5.0,48,1479000.0,2.0,2.0,2.0,2.0,2.0,2.0,781.4924925,Samsung Galaxy A03,https://d1n6dbtoa2690v.cloudfront.net/images/product/150/97470_150_1.jpg,Rp 1.479.000,https://www.pricebook.co.id//Samsung-Galaxy-A03-RAM-4GB-ROM-64GB/40/PD_00097470
40,40,Samsung Galaxy A32,Helio G80 (12 nm),8 GB,128 GB,6.4 inch,5000 mAh,20 MP,64 MP,Rp 3.000.000,https://d1n6dbtoa2690v.cloudfront.net/images/product/150/95304_150_1.jpg,40,8,128,6.4,5000,20.0,64,3000000.0,6.0,2.0,2.0,2.0,3.0,2.0,835.5650224000001,Samsung Galaxy A32,https://d1n6dbtoa2690v.cloudfront.net/images/product/150/95304_150_1.jpg,Rp 3.000.000,https://www.pricebook.co.id//Samsung-Galaxy-A32-RAM-8GB-ROM-128GB/40/PD_00095304
41,41,Samsung Galaxy S10 Plus,9820,8 GB,128 GB,6.4 inch,4100 mAh,10 MP,12 MP,Rp 7.499.000,https://d1n6dbtoa2690v.cloudfront.net/images/product/150/81841_150_1.jpg,41,8,128,6.4,4100,10.0,12,7499000.0,8.0,2.0,2.0,2.0,1.0,2.0,684.5149544000002,Samsung Galaxy S10 Plus,https://d1n6dbtoa2690v.cloudfront.net/images/product/150/81841_150_1.jpg,Rp 7.499.000,https://www.pricebook.co.id//Samsung-Galaxy-S10-Plus-128GB/40/PD_00081841
42,42,Samsung Galaxy A12,MT6765 Helio P35,4 GB,128 GB,6.5 inch,5000 mAh,8 MP,48 MP,Rp 1.500.000,https://d1n6dbtoa2690v.cloudfront.net/images/product/150/94560_150_1.jpg,42,4,128,6.5,5000,8.0,48,1500000.0,3.0,2.0,2.0,2.0,2.0,2.0,825.7227645,Samsung Galaxy A12,https://d1n6dbtoa2690v.cloudfront.net/images/product/150/94560_150_1.jpg,Rp 1.500.000,https://www.pricebook.co.id//Samsung-Galaxy-A12-RAM-4GB-ROM-128GB/40/PD_00094560
43,43,Samsung Galaxy A8 2018,7885,4 GB,32 GB,5.6 inch,3000 mAh,16 MP,16 MP,Rp 5.000.000,https://d1n6dbtoa2690v.cloudfront.net/images/product/150/75423_150_1.jpg,43,4,32,5.6,3000,16.0,16,5000000.0,8.0,2.0,2.0,1.0,1.0,1.0,460.2966856000001,Samsung Galaxy A8 2018,https://d1n6dbtoa2690v.cloudfront.net/images/product/150/75423_150_1.jpg,Rp 5.000.000,https://www.pricebook.co.id//Samsung-Galaxy-A8-2018-32GB-SM-A530/40/PD_00075423
44,44,Samsung Galaxy A32,Helio G80 (12 nm),6 GB,128 GB,6.4 inch,5000 mAh,20 MP,64 MP,Rp 2.050.000,https://d1n6dbtoa2690v.cloudfront.net/images/product/150/95303_150_1.jpg,44,6,128,6.4,5000,20.0,64,2050000.0,4.0,2.0,2.0,2.0,3.0,2.0,834.1537664000001,Samsung Galaxy A32,https://d1n6dbtoa2690v.cloudfront.net/images/product/150/95303_150_1.jpg,Rp 2.050.000,https://www.pricebook.co.id//Samsung-Galaxy-A32-RAM-6GB-ROM-128GB/40/PD_00095303
45,45,Samsung Galaxy A12,MT6765 Helio P35,6 GB,128 GB,6.5 inch,5000 mAh,8 MP,48 MP,Rp 2.000.000,https://d1n6dbtoa2690v.cloudfront.net/images/product/150/94559_150_1.jpg,45,6,128,6.5,5000,8.0,48,2000000.0,4.0,2.0,2.0,2.0,2.0,2.0,827.1340205000001,Samsung Galaxy A12,https://d1n6dbtoa2690v.cloudfront.net/images/product/150/94559_150_1.jpg,Rp 2.000.000,https://www.pricebook.co.id//Samsung-Galaxy-A12-RAM-6GB-ROM-128GB/40/PD_00094559
46,46,Samsung Galaxy A23,SM6225 Snapdragon 680 4G (6 nm),6 GB,128 GB,6.6 inch,5000 mAh,32 MP,50 MP,Rp 2.500.000,https://d1n6dbtoa2690v.cloudfront.net/images/product/150/97715_150_1.jpg,46,6,128,6.6,5000,32.0,50,2500000.0,5.0,2.0,2.0,2.0,3.0,2.0,828.0330866000002,Samsung Galaxy A23,https://d1n6dbtoa2690v.cloudfront.net/images/product/150/97715_150_1.jpg,Rp 2.500.000,https://www.pricebook.co.id//Samsung-Galaxy-A23-RAM-6GB-ROM-128GB/40/PD_00097715
47,47,Samsung Galaxy A51,9611,8 GB,128 GB,6.5 inch,4000 mAh,32 MP,48 MP,Rp 3.000.000,https://d1n6dbtoa2690v.cloudfront.net/images/product/150/92849_150_1.jpg,47,8,128,6.5,4000,32.0,48,3000000.0,6.0,2.0,2.0,2.0,2.0,1.0,686.1302765000002,Samsung Galaxy A51,https://d1n6dbtoa2690v.cloudfront.net/images/product/150/92849_150_1.jpg,Rp 3.000.000,https://www.pricebook.co.id//Samsung-Galaxy-A51-RAM-8GB-ROM-128GB/40/PD_00092849
48,48,Samsung Galaxy A51,9611,6 GB,128 GB,6.5 inch,4000 mAh,5 MP,48 MP,Rp 2.000.000,https://d1n6dbtoa2690v.cloudfront.net/images/product/150/91551_150_1.jpg,48,6,128,6.5,4000,5.0,48,2000000.0,4.0,2.0,2.0,2.0,2.0,1.0,684.7190205000002,Samsung Galaxy A51,https://d1n6dbtoa2690v.cloudfront.net/images/product/150/91551_150_1.jpg,Rp 2.000.000,https://www.pricebook.co.id//Samsung-Galaxy-A51-RAM-6GB-ROM-128GB/40/PD_00091551
49,49,Samsung Galaxy A03,Unisoc T606,3 GB,32 GB,6.5 inch,5000 mAh,32 MP,48 MP,Rp 1.290.000,https://d1n6dbtoa2690v.cloudfront.net/images/product/150/97469_150_1.jpg,49,3,32,6.5,5000,32.0,48,1290000.0,2.0,1.0,2.0,2.0,2.0,2.0,758.6717285000001,Samsung Galaxy A03,https://d1n6dbtoa2690v.cloudfront.net/images/product/150/97469_150_1.jpg,Rp 1.290.000,https://www.pricebook.co.id//Samsung-Galaxy-A03-RAM-3GB-ROM-32GB/40/PD_00097469
50,50,Samsung Galaxy A52,SM7125 Snapdragon 720G (8 nm),8 GB,128 GB,6.5 inch,4500 mAh,5 MP,64 MP,Rp 3.000.000,https://d1n6dbtoa2690v.cloudfront.net/images/product/150/95305_150_1.jpg,50,8,128,6.5,4500,5.0,64,3000000.0,6.0,2.0,2.0,2.0,3.0,2.0,764.3767205,Samsung Galaxy A52,https://d1n6dbtoa2690v.cloudfront.net/images/product/150/95305_150_1.jpg,Rp 3.000.000,https://www.pricebook.co.id//Samsung-Galaxy-A52-RAM-8GB-ROM-128GB/40/PD_00095305
51,51,Samsung Galaxy J4 Plus,MSM8917 Snapdragon 425,2 GB,32 GB,6 inch,3300 mAh,8 MP,13 MP,Rp 1.825.000,https://d1n6dbtoa2690v.cloudfront.net/images/product/150/80458_150_1.jpg,51,2,32,6.0,3300,8.0,13,1825000.0,3.0,1.0,2.0,2.0,1.0,1.0,500.36692,Samsung Galaxy J4 Plus,https://d1n6dbtoa2690v.cloudfront.net/images/product/150/80458_150_1.jpg,Rp 1.825.000,https://www.pricebook.co.id//Samsung-Galaxy-J4-Plus-32GB/40/PD_00080458
52,52,Samsung Galaxy J7 Prime,7870,3 GB,32 GB,5.5 inch,3300 mAh,32 MP,13 MP,Rp 2.750.000,https://d1n6dbtoa2690v.cloudfront.net/images/product/150/52899_150_1.jpg,52,3,32,5.5,3300,32.0,13,2750000.0,5.0,1.0,2.0,1.0,1.0,1.0,500.97655750000007,Samsung Galaxy J7 Prime,https://d1n6dbtoa2690v.cloudfront.net/images/product/150/52899_150_1.jpg,Rp 2.750.000,https://www.pricebook.co.id//Samsung-Galaxy-J7-Prime-SM-G610F-32GB/40/PD_00052899
53,53,Samsung Galaxy A73 5G,SM7325 Snapdragon 778G 5G (6 nm),8 GB,256 GB,6.7 inch,5000 mAh,5 MP,108 MP,Rp 6.500.000,https://d1n6dbtoa2690v.cloudfront.net/images/product/150/97812_150_1.jpg,53,8,256,6.7,5000,5.0,108,6500000.0,8.0,2.0,3.0,2.0,3.0,2.0,943.4402567,Samsung Galaxy A73 5G,https://d1n6dbtoa2690v.cloudfront.net/images/product/150/97812_150_1.jpg,Rp 6.500.000,https://www.pricebook.co.id//Samsung-Galaxy-A73-5G-RAM-8GB-ROM-256GB/40/PD_00097812
54,54,Samsung Galaxy A03 Core,Unisoc SC9863A,2 GB,32 GB,6.6 inch,5000 mAh,8 MP,8 MP,Rp 925.000,https://d1n6dbtoa2690v.cloudfront.net/images/product/150/97446_150_1.jpg,54,2,32,6.6,5000,8.0,8,925000.0,2.0,1.0,2.0,2.0,1.0,2.0,740.3879386,Samsung Galaxy A03 Core,https://d1n6dbtoa2690v.cloudfront.net/images/product/150/97446_150_1.jpg,Rp 925.000,https://www.pricebook.co.id//Samsung-Galaxy-A03-Core-RAM-2GB-ROM-32GB/40/PD_00097446
55,55,Samsung Galaxy M12,850,4 GB,64 GB,6.5 inch,5000 mAh,10 MP,48 MP,Rp 1.500.000,https://d1n6dbtoa2690v.cloudfront.net/images/product/150/95669_150_1.jpg,55,4,64,6.5,5000,10.0,48,1500000.0,3.0,2.0,2.0,2.0,2.0,2.0,781.4924925,Samsung Galaxy M12,https://d1n6dbtoa2690v.cloudfront.net/images/product/150/95669_150_1.jpg,Rp 1.500.000,https://www.pricebook.co.id//Samsung-Galaxy-M12-RAM-4GB-ROM-64GB/40/PD_00095669
56,56,Samsung Galaxy Note 10 Plus,9825,12 GB,256 GB,6.8 inch,4300 mAh,20 MP,16 MP,Rp 7.190.000,https://d1n6dbtoa2690v.cloudfront.net/images/product/150/85503_150_1.jpg,56,12,256,6.8,4300,20.0,16,7190000.0,8.0,3.0,3.0,2.0,1.0,2.0,806.1175387999999,Samsung Galaxy Note 10 Plus,https://d1n6dbtoa2690v.cloudfront.net/images/product/150/85503_150_1.jpg,Rp 7.190.000,https://www.pricebook.co.id//Samsung-Galaxy-Note-10-Plus-256GB/40/PD_00085503
57,57,Samsung Galaxy A31,MT6768 Helio P65,6 GB,128 GB,6.4 inch,5000 mAh,5 MP,48 MP,Rp 1.145.000,https://d1n6dbtoa2690v.cloudfront.net/images/product/150/92598_150_1.jpg,57,6,128,6.4,5000,5.0,48,1145000.0,2.0,2.0,2.0,2.0,2.0,2.0,827.1148224000002,Samsung Galaxy A31,https://d1n6dbtoa2690v.cloudfront.net/images/product/150/92598_150_1.jpg,Rp 1.145.000,https://www.pricebook.co.id//Samsung-Galaxy-A31-RAM-6GB-ROM-128GB/40/PD_00092598
58,58,Samsung Galaxy A04s,850 (8nm),4 GB,64 GB,6.5 inch,5000 mAh,32 MP,50 MP,Rp 1.600.000,https://d1n6dbtoa2690v.cloudfront.net/images/product/150/98457_150_1.jpg,58,4,64,6.5,5000,32.0,50,1600000.0,3.0,2.0,2.0,2.0,3.0,2.0,782.3723605,Samsung Galaxy A04s,https://d1n6dbtoa2690v.cloudfront.net/images/product/150/98457_150_1.jpg,Rp 1.600.000,https://www.pricebook.co.id//Samsung-Galaxy-A04s-RAM-4GB-ROM-64GB/40/PD_00098457
59,59,Samsung Galaxy S20 FE,990,8 GB,128 GB,6.5 inch,4500 mAh,32 MP,12 MP,Rp 4.973.500,https://d1n6dbtoa2690v.cloudfront.net/images/product/150/93794_150_1.jpg,59,8,128,6.5,4500,32.0,12,4973500.0,7.0,2.0,2.0,2.0,1.0,2.0,741.5001525000001,Samsung Galaxy S20 FE,https://d1n6dbtoa2690v.cloudfront.net/images/product/150/93794_150_1.jpg,Rp 4.973.500,https://www.pricebook.co.id//Samsung-Galaxy-S20-FE-RAM-8GB-ROM-128GB/40/PD_00093794
60,60,Samsung Galaxy A52,SM7125 Snapdragon 720G (8 nm),8 GB,256 GB,6.5 inch,4500 mAh,8 MP,64 MP,Rp 3.799.000,https://d1n6dbtoa2690v.cloudfront.net/images/product/150/95306_150_1.jpg,60,8,256,6.5,4500,8.0,64,3799000.0,6.0,2.0,3.0,2.0,3.0,2.0,852.8372645000001,Samsung Galaxy A52,https://d1n6dbtoa2690v.cloudfront.net/images/product/150/95306_150_1.jpg,Rp 3.799.000,https://www.pricebook.co.id//Samsung-Galaxy-A52-RAM-8GB-ROM-256GB/40/PD_00095306
61,61,Samsung Galaxy A10s,MT6762 Helio P22,2 GB,32 GB,6.2 inch,4000 mAh,10 MP,13 MP,Rp 850.000,https://d1n6dbtoa2690v.cloudfront.net/images/product/150/87087_150_1.jpg,61,2,32,6.2,4000,10.0,13,850000.0,2.0,1.0,2.0,2.0,1.0,1.0,600.0958162000001,Samsung Galaxy A10s,https://d1n6dbtoa2690v.cloudfront.net/images/product/150/87087_150_1.jpg,Rp 850.000,https://www.pricebook.co.id//Samsung-Galaxy-A10s-RAM-2GB-ROM-32GB/40/PD_00087087
62,62,Samsung Galaxy Z Flip,SM8150 Snapdragon 855+,8 GB,256 GB,6.7 inch,3300 mAh,13 MP,12 MP,Rp 8.112.245,https://d1n6dbtoa2690v.cloudfront.net/images/product/150/92146_150_1.jpg,62,8,256,6.7,3300,13.0,12,8112245.0,8.0,2.0,3.0,2.0,1.0,1.0,659.1010927000001,Samsung Galaxy Z Flip,https://d1n6dbtoa2690v.cloudfront.net/images/product/150/92146_150_1.jpg,Rp 8.112.245,https://www.pricebook.co.id//Samsung-Galaxy-Z-Flip-RAM-8GB-ROM-256GB/40/PD_00092146
63,63,Samsung Galaxy A21s,850,6 GB,64 GB,6.5 inch,5000 mAh,8 MP,48 MP,Rp 2.200.000,https://d1n6dbtoa2690v.cloudfront.net/images/product/150/93128_150_1.jpg,63,6,64,6.5,5000,8.0,48,2200000.0,4.0,2.0,2.0,2.0,2.0,2.0,782.9037485000001,Samsung Galaxy A21s,https://d1n6dbtoa2690v.cloudfront.net/images/product/150/93128_150_1.jpg,Rp 2.200.000,https://www.pricebook.co.id//Samsung-Galaxy-A21s-RAM-6GB-ROM-64GB/40/PD_00093128
64,64,Samsung Galaxy A20s,SDM450 Snapdragon 450,4 GB,64 GB,6.5 inch,4000 mAh,10 MP,13 MP,Rp 1.199.000,https://d1n6dbtoa2690v.cloudfront.net/images/product/150/87527_150_1.jpg,64,4,64,6.5,4000,10.0,13,1199000.0,2.0,2.0,2.0,2.0,1.0,1.0,623.6798025,Samsung Galaxy A20s,https://d1n6dbtoa2690v.cloudfront.net/images/product/150/87527_150_1.jpg,Rp 1.199.000,https://www.pricebook.co.id//Samsung-Galaxy-A20S-RAM-4GB-ROM-64GB/40/PD_00087527
65,65,Samsung Galaxy Note 20 Ultra 5G,SM8250 Snapdragon 865+,12 GB,256 GB,6.9 inch,4500 mAh,8 MP,108 MP,Rp 10.590.000,https://d1n6dbtoa2690v.cloudfront.net/images/product/150/93406_150_1.jpg,65,12,256,6.9,4500,8.0,108,10590000.0,8.0,3.0,3.0,2.0,3.0,2.0,875.0936649,Samsung Galaxy Note 20 Ultra 5G,https://d1n6dbtoa2690v.cloudfront.net/images/product/150/93406_150_1.jpg,Rp 10.590.000,https://www.pricebook.co.id//Samsung-Galaxy-Note-20-Ultra-5G-256GB/40/PD_00093406
66,66,Samsung Galaxy A22 5G,MT6833 Dimensity 700 5G,6 GB,128 GB,6.6 inch,5000 mAh,13 MP,48 MP,Rp 2.199.000,https://d1n6dbtoa2690v.cloudfront.net/images/product/150/96108_150_1.jpg,66,6,128,6.6,5000,13.0,48,2199000.0,4.0,2.0,2.0,2.0,2.0,2.0,827.1532186000002,Samsung Galaxy A22 5G,https://d1n6dbtoa2690v.cloudfront.net/images/product/150/96108_150_1.jpg,Rp 2.199.000,https://www.pricebook.co.id//Samsung-Galaxy-A22-5G-RAM-6GB-ROM-128GB/40/PD_00096108
67,67,Samsung Galaxy A32 5G,MT6853 Dimensity 720 5G (7 nm),8 GB,128 GB,6.5 inch,5000 mAh,16 MP,48 MP,Rp 2.250.000,https://d1n6dbtoa2690v.cloudfront.net/images/product/150/95952_150_1.jpg,67,8,128,6.5,5000,16.0,48,2250000.0,4.0,2.0,2.0,2.0,2.0,2.0,828.5452765000001,Samsung Galaxy A32 5G,https://d1n6dbtoa2690v.cloudfront.net/images/product/150/95952_150_1.jpg,Rp 2.250.000,https://www.pricebook.co.id//Samsung-Galaxy-A32-5G-RAM-8GB-ROM-128GB/40/PD_00095952
68,68,Samsung Galaxy J7,MT6757T Helio P25,4 GB,32 GB,5.5 inch,3000 mAh,8 MP,13 MP,Rp 3.850.000,https://d1n6dbtoa2690v.cloudfront.net/images/product/150/70045_150_1.jpg,68,4,32,5.5,3000,8.0,13,3850000.0,6.0,2.0,2.0,1.0,1.0,1.0,458.9576855000001,Samsung Galaxy J7,https://d1n6dbtoa2690v.cloudfront.net/images/product/150/70045_150_1.jpg,Rp 3.850.000,https://www.pricebook.co.id//Samsung-Galaxy-J7-Plus-RAM-4GB-ROM-32GB/40/PD_00070045
69,69,OPPO A31 (2020),MT6765V / CB Helio P35,6 GB,128 GB,6.5 inch,4230 mAh,5 MP,12 MP,Rp 1.248.000,https://d1n6dbtoa2690v.cloudfront.net/images/product/150/92621_150_1.jpg,69,6,128,6.5,4230,5.0,12,1248000.0,2.0,2.0,2.0,2.0,1.0,2.0,701.6368465000002,OPPO A31 (2020),https://d1n6dbtoa2690v.cloudfront.net/images/product/150/92621_150_1.jpg,Rp 1.248.000,https://www.pricebook.co.id//OPPO-A31-2020-RAM-6GB-ROM-128GB/40/PD_00092621
70,70,OPPO A57 4G,MT6765 Helio G35 (12 nm),4 GB,64 GB,6.56 inch,5000 mAh,8 MP,50 MP,Rp 1.849.000,https://d1n6dbtoa2690v.cloudfront.net/images/product/150/98517_150_1.jpg,70,4,64,6.56,5000,8.0,50,1849000.0,3.0,2.0,2.0,2.0,3.0,2.0,782.38387936,OPPO A57 4G,https://d1n6dbtoa2690v.cloudfront.net/images/product/150/98517_150_1.jpg,Rp 1.849.000,https://www.pricebook.co.id//OPPO-A17-RAM-4GB-ROM-64GB/40/PD_00098517
71,71,OPPO A57 4G,MT6765G Helio G35 (12 nm),4 GB,64 GB,6.56 inch,5000 mAh,8 MP,13 MP,Rp 2.100.000,https://d1n6dbtoa2690v.cloudfront.net/images/product/150/98259_150_1.jpg,71,4,64,6.56,5000,8.0,13,2100000.0,4.0,2.0,2.0,2.0,1.0,2.0,766.10632136,OPPO A57 4G,https://d1n6dbtoa2690v.cloudfront.net/images/product/150/98259_150_1.jpg,Rp 2.100.000,https://www.pricebook.co.id//OPPO-A57-4G-RAM-4GB-ROM-64GB/40/PD_00098259
72,72,OPPO A31 (2020),MT6765V / CB Helio P35,4 GB,128 GB,6.5 inch,4230 mAh,16 MP,12 MP,Rp 1.100.000,https://d1n6dbtoa2690v.cloudfront.net/images/product/150/92188_150_1.jpg,72,4,128,6.5,4230,16.0,12,1100000.0,2.0,2.0,2.0,2.0,1.0,2.0,700.2255905000001,OPPO A31 (2020),https://d1n6dbtoa2690v.cloudfront.net/images/product/150/92188_150_1.jpg,Rp 1.100.000,https://www.pricebook.co.id//OPPO-A31-2020-RAM-4GB-ROM-128GB/40/PD_00092188
73,73,OPPO A9,SDM665 Snapdragon 665,8 GB,128 GB,6.5 inch,5000 mAh,16 MP,48 MP,Rp 2.600.000,https://d1n6dbtoa2690v.cloudfront.net/images/product/150/86689_150_1.jpg,73,8,128,6.5,5000,16.0,48,2600000.0,5.0,2.0,2.0,2.0,2.0,2.0,828.5452765000001,OPPO A9,https://d1n6dbtoa2690v.cloudfront.net/images/product/150/86689_150_1.jpg,Rp 2.600.000,https://www.pricebook.co.id//OPPO-A9-2020-8GB/40/PD_00086689
74,74,OPPO A95,SM6115 Snapdragon 662 (11 nm),8 GB,128 GB,6.4 inch,5000 mAh,5 MP,48 MP,Rp 2.450.000,https://d1n6dbtoa2690v.cloudfront.net/images/product/150/97444_150_1.jpg,74,8,128,6.4,5000,5.0,48,2450000.0,4.0,2.0,2.0,2.0,2.0,2.0,828.5260784000002,OPPO A95,https://d1n6dbtoa2690v.cloudfront.net/images/product/150/97444_150_1.jpg,Rp 2.450.000,https://www.pricebook.co.id//OPPO-A95-RAM-8GB-ROM-128GB/40/PD_00097444
75,75,OPPO A71 2018,SDM450 Snapdragon 450,2 GB,16 GB,5.2 inch,3000 mAh,32 MP,13 MP,Rp 1.699.000,https://d1n6dbtoa2690v.cloudfront.net/images/product/150/76523_150_1.jpg,75,2,16,5.2,3000,32.0,13,1699000.0,3.0,1.0,1.0,1.0,1.0,1.0,446.4312672,OPPO A71 2018,https://d1n6dbtoa2690v.cloudfront.net/images/product/150/76523_150_1.jpg,Rp 1.699.000,https://www.pricebook.co.id//OPPO-A71-2018-RAM-2GB/40/PD_00076523
76,76,OPPO Reno4,SDM765 Snapdragon 765G (7 nm),8 GB,128 GB,6.43 inch,4000 mAh,16 MP,48 MP,Rp 2.000.000,https://d1n6dbtoa2690v.cloudfront.net/images/product/150/93480_150_1.jpg,76,8,128,6.43,4000,16.0,48,2000000.0,4.0,2.0,2.0,2.0,2.0,1.0,686.1168378300002,OPPO Reno4,https://d1n6dbtoa2690v.cloudfront.net/images/product/150/93480_150_1.jpg,Rp 2.000.000,https://www.pricebook.co.id//OPPO-Reno4-RAM-8GB-ROM-128GB/40/PD_00093480
77,77,OPPO A53,SM4250 Snapdragon 460,4 GB,128 GB,6.5 inch,5000 mAh,8 MP,13 MP,Rp 1.749.000,https://d1n6dbtoa2690v.cloudfront.net/images/product/150/97380_150_1.jpg,77,4,128,6.5,5000,8.0,13,1749000.0,3.0,2.0,2.0,2.0,1.0,2.0,810.3250745,OPPO A53,https://d1n6dbtoa2690v.cloudfront.net/images/product/150/97380_150_1.jpg,Rp 1.749.000,https://www.pricebook.co.id//OPPO-A53-RAM-4GB-ROM-128GB/40/PD_00097380
78,78,OPPO A16,Helio G35,3 GB,32 GB,6.5 inch,5000 mAh,5 MP,13 MP,Rp 1.149.000,https://d1n6dbtoa2690v.cloudfront.net/images/product/150/96406_150_1.jpg,78,3,32,6.5,5000,5.0,13,1149000.0,2.0,1.0,2.0,2.0,1.0,2.0,743.2740385000001,OPPO A16,https://d1n6dbtoa2690v.cloudfront.net/images/product/150/96406_150_1.jpg,Rp 1.149.000,https://www.pricebook.co.id//OPPO-A16-RAM-3GB-ROM-32GB/40/PD_00096406
79,79,OPPO A1k,MT6762 Helio P22,2 GB,32 GB,6.1 inch,4000 mAh,8 MP,8 MP,Rp 1.020.409,https://d1n6dbtoa2690v.cloudfront.net/images/product/150/83708_150_1.jpg,79,2,32,6.1,4000,8.0,8,1020409.0,2.0,1.0,2.0,2.0,1.0,1.0,597.8769481,OPPO A1k,https://d1n6dbtoa2690v.cloudfront.net/images/product/150/83708_150_1.jpg,Rp 1.020.409,https://www.pricebook.co.id//OPPO-A1k-RAM-2GB-ROM-32GB/40/PD_00083708
81,81,OPPO A57,MSM8940 Snapdragon 435,3 GB,32 GB,5.2 inch,2900 mAh,8 MP,13 MP,Rp 567.000,https://d1n6dbtoa2690v.cloudfront.net/images/product/150/59358_150_1.jpg,82,6,128,6.5,5000,16.0,13,2249900.0,4.0,2.0,2.0,2.0,1.0,2.0,811.7363305000001,OPPO A76,https://d1n6dbtoa2690v.cloudfront.net/images/product/150/97642_150_1.jpg,Rp 2.249.900,https://www.pricebook.co.id//OPPO-A76-RAM-6GB-ROM-128GB/40/PD_00097642
82,82,OPPO A76,SM6225 Snapdragon 680 4G (6 nm),6 GB,128 GB,6.5 inch,5000 mAh,16 MP,13 MP,Rp 2.249.900,https://d1n6dbtoa2690v.cloudfront.net/images/product/150/97642_150_1.jpg,83,4,64,6.51,5000,16.0,50,1899900.0,3.0,2.0,2.0,2.0,3.0,2.0,782.37428031,OPPO A55,https://d1n6dbtoa2690v.cloudfront.net/images/product/150/97724_150_1.jpg,Rp 1.899.900,https://www.pricebook.co.id//OPPO-A55-RAM-4GB-ROM-64GB/40/PD_00097724
83,83,OPPO A55,MT6765G Helio G35 (12 nm),4 GB,64 GB,6.51 inch,5000 mAh,16 MP,50 MP,Rp 1.899.900,https://d1n6dbtoa2690v.cloudfront.net/images/product/150/97724_150_1.jpg,84,4,64,6.2,4230,16.0,13,1350000.0,2.0,2.0,2.0,2.0,1.0,2.0,656.3776582,OPPO A7,https://d1n6dbtoa2690v.cloudfront.net/images/product/150/80960_150_1.jpg,Rp 1.350.000,https://www.pricebook.co.id//OPPO-A7-RAM-4GB-ROM-64GB/40/PD_00080960
84,84,OPPO A7,SDM450 Snapdragon 450,4 GB,64 GB,6.2 inch,4230 mAh,16 MP,13 MP,Rp 1.350.000,https://d1n6dbtoa2690v.cloudfront.net/images/product/150/80960_150_1.jpg,85,6,128,6.5,5000,16.0,13,2379000.0,4.0,2.0,2.0,2.0,1.0,2.0,811.7363305000001,OPPO A53,https://d1n6dbtoa2690v.cloudfront.net/images/product/150/93836_150_1.jpg,Rp 2.379.000,https://www.pricebook.co.id//OPPO-A53-RAM-6GB-ROM-128GB/40/PD_00093836
85,85,OPPO A53,SM4250 Snapdragon 460,6 GB,128 GB,6.5 inch,5000 mAh,16 MP,13 MP,Rp 2.379.000,https://d1n6dbtoa2690v.cloudfront.net/images/product/150/93836_150_1.jpg,86,6,128,6.53,4000,5.0,48,1110000.0,2.0,2.0,2.0,2.0,2.0,1.0,684.7247799300002,OPPO F11,https://d1n6dbtoa2690v.cloudfront.net/images/product/150/82933_150_1.jpg,Rp 1.110.000,https://www.pricebook.co.id//OPPO-F11-RAM-6GB-ROM-128GB/40/PD_00082933
86,86,OPPO F11,MT6771T Helio P70,6 GB,128 GB,6.53 inch,4000 mAh,5 MP,48 MP,Rp 1.110.000,https://d1n6dbtoa2690v.cloudfront.net/images/product/150/82933_150_1.jpg,87,3,32,6.52,4230,16.0,13,1200000.0,2.0,1.0,2.0,2.0,1.0,2.0,633.6183281200001,OPPO A15,https://d1n6dbtoa2690v.cloudfront.net/images/product/150/94356_150_1.jpg,Rp 1.200.000,https://www.pricebook.co.id//OPPO-A15-RAM-3GB-ROM-32GB/40/PD_00094356
87,87,OPPO A15,MT6765 Helio P35,3 GB,32 GB,6.52 inch,4230 mAh,16 MP,13 MP,Rp 1.200.000,https://d1n6dbtoa2690v.cloudfront.net/images/product/150/94356_150_1.jpg,88,8,128,5.6,5000,5.0,48,2799000.0,5.0,2.0,2.0,1.0,2.0,2.0,828.3724936000001,OPPO A92,https://d1n6dbtoa2690v.cloudfront.net/images/product/150/92963_150_1.jpg,Rp 2.799.000,https://www.pricebook.co.id//OPPO-A92-RAM-8GB-ROM-128GB/40/PD_00092963
88,88,OPPO A92,SM6125 Snapdragon 665,8 GB,128 GB,5.6 inch,5000 mAh,5 MP,48 MP,Rp 2.799.000,https://d1n6dbtoa2690v.cloudfront.net/images/product/150/92963_150_1.jpg,89,3,32,6.22,4230,16.0,13,900000.0,2.0,1.0,2.0,2.0,1.0,2.0,633.5607338200001,OPPO A12,https://d1n6dbtoa2690v.cloudfront.net/images/product/150/92700_150_1.jpg,Rp 900.000,https://www.pricebook.co.id//OPPO-A12-RAM-3GB-ROM-32GB/40/PD_00092700
89,89,OPPO A12,Mediatek MT6765 Helio P35,3 GB,32 GB,6.22 inch,4230 mAh,16 MP,13 MP,Rp 900.000,https://d1n6dbtoa2690v.cloudfront.net/images/product/150/92700_150_1.jpg,90,6,128,6.51,5000,16.0,13,1650000.0,3.0,2.0,2.0,2.0,1.0,2.0,811.7382503100001,OPPO A54,https://d1n6dbtoa2690v.cloudfront.net/images/product/150/95616_150_1.jpg,Rp 1.650.000,https://www.pricebook.co.id//OPPO-A54-RAM-6GB-ROM-128GB/40/PD_00095616
90,90,OPPO A54,Helio P35 MT6765,6 GB,128 GB,6.51 inch,5000 mAh,16 MP,13 MP,Rp 1.650.000,https://d1n6dbtoa2690v.cloudfront.net/images/product/150/95616_150_1.jpg,91,8,256,6.59,5000,16.0,50,3200000.0,6.0,2.0,3.0,2.0,3.0,2.0,917.9029667900002,OPPO A96,https://d1n6dbtoa2690v.cloudfront.net/images/product/150/97768_150_1.jpg,Rp 3.200.000,https://www.pricebook.co.id//OPPO-A96-RAM-8GB-ROM-256GB/40/PD_00097768
91,91,OPPO A96,SM6225 Snapdragon 680 4G (6 nm),8 GB,256 GB,6.59 inch,5000 mAh,16 MP,50 MP,Rp 3.200.000,https://d1n6dbtoa2690v.cloudfront.net/images/product/150/97768_150_1.jpg,92,8,128,6.43,4000,16.0,48,2150000.0,4.0,2.0,2.0,2.0,2.0,1.0,686.1168378300002,OPPO Reno4 F,https://d1n6dbtoa2690v.cloudfront.net/images/product/150/93991_150_1.jpg,Rp 2.150.000,https://www.pricebook.co.id//OPPO-Reno4-F-RAM-8GB-ROM-128GB/40/PD_00093991
92,92,OPPO Reno4 F,Helio P95,8 GB,128 GB,6.43 inch,4000 mAh,16 MP,48 MP,Rp 2.150.000,https://d1n6dbtoa2690v.cloudfront.net/images/product/150/93991_150_1.jpg,93,8,128,6.5,4000,25.0,48,2449900.0,4.0,2.0,2.0,2.0,2.0,1.0,686.1302765000002,OPPO Reno 2F,https://d1n6dbtoa2690v.cloudfront.net/images/product/150/88363_150_1.jpg,Rp 2.449.900,https://www.pricebook.co.id//OPPO-Reno-2F-RAM-8GB-ROM-128GB/40/PD_00088363
93,93,OPPO Reno 2F,MT6771V Helio P70,8 GB,128 GB,6.5 inch,4000 mAh,25 MP,48 MP,Rp 2.449.900,https://d1n6dbtoa2690v.cloudfront.net/images/product/150/88363_150_1.jpg,94,6,64,6.3,3500,20.0,16,1500000.0,3.0,2.0,2.0,2.0,1.0,1.0,555.1649643000001,OPPO F9,https://d1n6dbtoa2690v.cloudfront.net/images/product/150/79806_150_1.jpg,Rp 1.500.000,https://www.pricebook.co.id//OPPO-F9-RAM-6GB/40/PD_00079806
94,94,OPPO F9,MT6771 Helio P60,6 GB,64 GB,6.3 inch,3500 mAh,20 MP,16 MP,Rp 1.500.000,https://d1n6dbtoa2690v.cloudfront.net/images/product/150/79806_150_1.jpg,95,4,32,6.0,3200,5.0,16,1227000.0,2.0,2.0,2.0,2.0,1.0,1.0,488.8564780000001,OPPO F5,https://d1n6dbtoa2690v.cloudfront.net/images/product/150/73158_150_1.jpg,Rp 1.227.000,https://www.pricebook.co.id//OPPO-F5-RAM-4GB-ROM-32GB/40/PD_00073158
95,95,OPPO F5,MT6763T Helio P23,4 GB,32 GB,6 inch,3200 mAh,5 MP,16 MP,Rp 1.227.000,https://d1n6dbtoa2690v.cloudfront.net/images/product/150/73158_150_1.jpg,96,4,64,6.22,4230,5.0,13,1229900.0,2.0,2.0,2.0,2.0,1.0,2.0,656.38149782,OPPO A12,https://d1n6dbtoa2690v.cloudfront.net/images/product/150/92971_150_1.jpg,Rp 1.229.900,https://www.pricebook.co.id//OPPO-A12-RAM-4GB-ROM-64GB/40/PD_00092971
96,96,OPPO A12,MT6765 Helio P35,4 GB,64 GB,6.22 inch,4230 mAh,5 MP,13 MP,Rp 1.229.900,https://d1n6dbtoa2690v.cloudfront.net/images/product/150/92971_150_1.jpg,97,3,32,5.2,2900,16.0,13,2000000.0,4.0,1.0,2.0,1.0,1.0,1.0,443.95296320000006,OPPO A39,https://d1n6dbtoa2690v.cloudfront.net/images/product/150/59197_150_1.jpg,Rp 2.000.000,https://www.pricebook.co.id//OPPO-A39-RAM-3GB-ROM-32GB/40/PD_00059197
97,97,OPPO A39,MT6750,3 GB,32 GB,5.2 inch,2900 mAh,16 MP,13 MP,Rp 2.000.000,https://d1n6dbtoa2690v.cloudfront.net/images/product/150/59197_150_1.jpg,98,4,128,6.53,4000,16.0,48,2249900.0,4.0,2.0,2.0,2.0,2.0,1.0,683.3135239300001,OPPO F11,https://d1n6dbtoa2690v.cloudfront.net/images/product/150/82286_150_1.jpg,Rp 2.249.900,https://www.pricebook.co.id//OPPO-F11-RAM-4GB-ROM-128GB/40/PD_00082286
98,98,OPPO F11,MT6771T Helio P70,4 GB,128 GB,6.53 inch,4000 mAh,16 MP,48 MP,Rp 2.249.900,https://d1n6dbtoa2690v.cloudfront.net/images/product/150/82286_150_1.jpg,99,4,32,5.5,3200,8.0,16,3099000.0,6.0,2.0,2.0,1.0,1.0,1.0,488.7604875000001,OPPO F3,https://d1n6dbtoa2690v.cloudfront.net/images/product/150/63144_150_1.jpg,Rp 3.099.000,https://www.pricebook.co.id//OPPO-F3-RAM-4GB-ROM-32GB/40/PD_00063144
99,99,OPPO F3,SDM653 Snapdragon 653,4 GB,32 GB,5.5 inch,3200 mAh,8 MP,16 MP,Rp 3.099.000,https://d1n6dbtoa2690v.cloudfront.net/images/product/150/63144_150_1.jpg,100,4,64,6.52,5000,8.0,13,1450000.0,2.0,2.0,2.0,2.0,1.0,2.0,766.09864212,OPPO A16,https://d1n6dbtoa2690v.cloudfront.net/images/product/150/97167_150_1.jpg,Rp 1.450.000,https://www.pricebook.co.id//OPPO-A16-RAM-4GB-ROM-64GB/40/PD_00097167
100,100,OPPO A16,Helio G35,4 GB,64 GB,6.52 inch,5000 mAh,8 MP,13 MP,Rp 1.450.000,https://d1n6dbtoa2690v.cloudfront.net/images/product/150/97167_150_1.jpg,101,4,64,6.52,4230,32.0,13,1300000.0,2.0,2.0,2.0,2.0,1.0,2.0,656.43909212,OPPO A15S,https://d1n6dbtoa2690v.cloudfront.net/images/product/150/94986_150_1.jpg,Rp 1.300.000,https://www.pricebook.co.id//OPPO-A15s-RAM-4GB-ROM-64GB/40/PD_00094986
101,101,OPPO A15S,MT6765 Helio P35,4 GB,64 GB,6.52 inch,4230 mAh,32 MP,13 MP,Rp 1.300.000,https://d1n6dbtoa2690v.cloudfront.net/images/product/150/94986_150_1.jpg,102,8,128,6.43,4310,16.0,48,2100000.0,4.0,2.0,2.0,2.0,2.0,2.0,730.2654878300002,OPPO Reno5 F,https://d1n6dbtoa2690v.cloudfront.net/images/product/150/95370_150_1.jpg,Rp 2.100.000,https://www.pricebook.co.id//OPPO-Reno5-F-RAM-8GB-ROM-128GB/40/PD_00095370
102,102,OPPO Reno5 F,MT6779V Helio P95,8 GB,128 GB,6.43 inch,4310 mAh,16 MP,48 MP,Rp 2.100.000,https://d1n6dbtoa2690v.cloudfront.net/images/product/150/95370_150_1.jpg,103,8,256,6.5,4000,32.0,48,4599000.0,7.0,2.0,3.0,2.0,2.0,1.0,774.5908205000002,OPPO Reno 2,https://d1n6dbtoa2690v.cloudfront.net/images/product/150/88055_150_1.jpg,Rp 4.599.000,https://www.pricebook.co.id//OPPO-Reno-2-256GB/40/PD_00088055
103,103,OPPO Reno 2,SDM730 Snapdragon 730,8 GB,256 GB,6.5 inch,4000 mAh,32 MP,48 MP,Rp 4.599.000,https://d1n6dbtoa2690v.cloudfront.net/images/product/150/88055_150_1.jpg,104,8,128,6.43,4300,8.0,64,3000000.0,6.0,2.0,2.0,2.0,3.0,2.0,735.8802818300001,OPPO Reno5,https://d1n6dbtoa2690v.cloudfront.net/images/product/150/95188_150_1.jpg,Rp 3.000.000,https://www.pricebook.co.id//OPPO-Reno5-5G-RAM-8GB-ROM-128GB/40/PD_00095188
104,104,OPPO Reno5,SM7250 Snapdragon 765G,8 GB,128 GB,6.43 inch,4300 mAh,8 MP,64 MP,Rp 3.000.000,https://d1n6dbtoa2690v.cloudfront.net/images/product/150/95188_150_1.jpg,105,4,128,6.5,5000,16.0,12,2059000.0,4.0,2.0,2.0,2.0,1.0,2.0,809.8851405,OPPO A5 2020,https://d1n6dbtoa2690v.cloudfront.net/images/product/150/87368_150_1.jpg,Rp 2.059.000,https://www.pricebook.co.id//OPPO-A5-2020-RAM-4GB-ROM-128GB/40/PD_00087368
105,105,OPPO A5 2020,SDM665 Snapdragon 665,4 GB,128 GB,6.5 inch,5000 mAh,16 MP,12 MP,Rp 2.059.000,https://d1n6dbtoa2690v.cloudfront.net/images/product/150/87368_150_1.jpg,106,6,64,6.53,4000,5.0,48,2500000.0,5.0,2.0,2.0,2.0,2.0,1.0,640.4945079300002,OPPO F11 Pro,https://d1n6dbtoa2690v.cloudfront.net/images/product/150/82285_150_1.jpg,Rp 2.500.000,https://www.pricebook.co.id//OPPO-F11-Pro-RAM-6GB-ROM-64GB/40/PD_00082285
106,106,OPPO F11 Pro,MT6771T Helio P70,6 GB,64 GB,6.53 inch,4000 mAh,5 MP,48 MP,Rp 2.500.000,https://d1n6dbtoa2690v.cloudfront.net/images/product/150/82285_150_1.jpg,107,3,32,6.52,4230,8.0,13,1350000.0,2.0,1.0,2.0,2.0,1.0,2.0,633.6183281200001,OPPO A16e,https://d1n6dbtoa2690v.cloudfront.net/images/product/150/97761_150_1.jpg,Rp 1.350.000,https://www.pricebook.co.id//OPPO-A16e-RAM-3GB-ROM-32GB/40/PD_00097761
107,107,OPPO A16e,MT6762D Helio P22 (12 nm),3 GB,32 GB,6.52 inch,4230 mAh,8 MP,13 MP,Rp 1.350.000,https://d1n6dbtoa2690v.cloudfront.net/images/product/150/97761_150_1.jpg,108,4,64,6.52,5000,16.0,12,1490000.0,2.0,2.0,2.0,2.0,1.0,2.0,765.65870812,Realme 5i,https://d1n6dbtoa2690v.cloudfront.net/images/product/150/91547_150_1.jpg,Rp 1.490.000,https://www.pricebook.co.id//Realme-5i-RAM-4GB-ROM-64GB/40/PD_00091547
108,108,Realme 5i,SDM665 Snapdragon 665,4 GB,64 GB,6.52 inch,5000 mAh,16 MP,12 MP,Rp 1.490.000,https://d1n6dbtoa2690v.cloudfront.net/images/product/150/91547_150_1.jpg,109,8,128,6.4,5000,5.0,50,3010000.0,6.0,2.0,2.0,2.0,3.0,2.0,829.4059464000002,Realme 10,https://d1n6dbtoa2690v.cloudfront.net/images/product/150/98555_150_1.jpg,Rp 3.010.000,https://www.pricebook.co.id//Realme-10-RAM-8GB-ROM-128GB/40/PD_00098555
109,109,Realme 10,MT8781 Helio G99 (6nm),8 GB,128 GB,6.4 inch,5000 mAh,5 MP,50 MP,Rp 3.010.000,https://d1n6dbtoa2690v.cloudfront.net/images/product/150/98555_150_1.jpg,110,4,64,6.5,5000,5.0,50,1665000.0,3.0,2.0,2.0,2.0,3.0,2.0,782.3723605,Realme C33,https://d1n6dbtoa2690v.cloudfront.net/images/product/150/98525_150_1.jpg,Rp 1.665.000,https://www.pricebook.co.id//Realme-C33-RAM-4GB-ROM-64GB/40/PD_00098525
110,110,Realme C33,Tiger T612 (12 nm),4 GB,64 GB,6.5 inch,5000 mAh,5 MP,50 MP,Rp 1.665.000,https://d1n6dbtoa2690v.cloudfront.net/images/product/150/98525_150_1.jpg,111,2,32,6.52,5000,16.0,8,1140000.0,2.0,1.0,2.0,2.0,1.0,2.0,740.37258012,Realme C11,https://d1n6dbtoa2690v.cloudfront.net/images/product/150/93129_150_1.jpg,Rp 1.140.000,https://www.pricebook.co.id//Realme-C11-RAM-2GB-ROM-32GB/40/PD_00093129
111,111,Realme C11,Helio G35,2 GB,32 GB,6.52 inch,5000 mAh,16 MP,8 MP,Rp 1.140.000,https://d1n6dbtoa2690v.cloudfront.net/images/product/150/93129_150_1.jpg,112,8,128,6.4,5000,5.0,64,2399000.0,4.0,2.0,2.0,2.0,3.0,2.0,835.5650224000001,Realme 8,https://d1n6dbtoa2690v.cloudfront.net/images/product/150/95422_150_1.jpg,Rp 2.399.000,https://www.pricebook.co.id//Realme-8-RAM-8GB-ROM-128GB/40/PD_00095422
112,112,Realme 8,Helio G95 (12 nm),8 GB,128 GB,6.4 inch,5000 mAh,5 MP,64 MP,Rp 2.399.000,https://d1n6dbtoa2690v.cloudfront.net/images/product/150/95422_150_1.jpg,113,4,64,6.5,6000,2.0,13,1224490.0,2.0,2.0,2.0,2.0,1.0,3.0,908.5098025,Realme C15,https://d1n6dbtoa2690v.cloudfront.net/images/product/150/93351_150_1.jpg,Rp 1.224.490,https://www.pricebook.co.id//Realme-C15-RAM-4GB-ROM-64GB/40/PD_00093351
113,113,Realme C15,Helio G35,4 GB,64 GB,6.5 inch,6000 mAh,2,13 MP,Rp 1.224.490,https://d1n6dbtoa2690v.cloudfront.net/images/product/150/93351_150_1.jpg,114,4,64,6.5,5000,5.0,13,1600000.0,3.0,2.0,2.0,2.0,1.0,2.0,766.0948025,Realme C31,https://d1n6dbtoa2690v.cloudfront.net/images/product/150/97708_150_1.jpg,Rp 1.600.000,https://www.pricebook.co.id//Realme-C31-RAM-4GB-ROM-64GB/40/PD_00097708
114,114,Realme C31,Tiger T612 (12 nm),4 GB,64 GB,6.5 inch,5000 mAh,5 MP,13 MP,Rp 1.600.000,https://d1n6dbtoa2690v.cloudfront.net/images/product/150/97708_150_1.jpg,115,4,64,6.5,5000,8.0,8,900000.0,2.0,2.0,2.0,2.0,1.0,2.0,763.8951324999999,Realme Narzo 50i,https://d1n6dbtoa2690v.cloudfront.net/images/product/150/97404_150_1.jpg,Rp 900.000,https://www.pricebook.co.id//Realme-Narzo-50i-RAM-4GB-ROM-64GB/40/PD_00097404
115,115,Realme Narzo 50i,G85GPU,4 GB,64 GB,6.5 inch,5000 mAh,8 MP,8 MP,Rp 900.000,https://d1n6dbtoa2690v.cloudfront.net/images/product/150/97404_150_1.jpg,116,6,256,6.5,5000,16.0,13,1800000.0,3.0,2.0,3.0,2.0,1.0,2.0,900.1968745,Realme C17,https://d1n6dbtoa2690v.cloudfront.net/images/product/150/93992_150_1.jpg,Rp 1.800.000,https://www.pricebook.co.id//Realme-C17-RAM-6GB-ROM-256GB/40/PD_00093992
116,116,Realme C17,SM4250 Snapdragon 460,6 GB,256 GB,6.5 inch,5000 mAh,16 MP,13 MP,Rp 1.800.000,https://d1n6dbtoa2690v.cloudfront.net/images/product/150/93992_150_1.jpg,117,8,128,6.6,5000,5.0,64,2527000.0,5.0,2.0,2.0,2.0,3.0,2.0,835.6034186,Realme 9 Pro,https://d1n6dbtoa2690v.cloudfront.net/images/product/150/97646_150_1.jpg,Rp 2.527.000,https://www.pricebook.co.id//Realme-9-Pro-RAM-8GB-ROM-128GB/40/PD_00097646
117,117,Realme 9 Pro,SM6375 Snapdragon 695 5G (6 nm),8 GB,128 GB,6.6 inch,5000 mAh,5 MP,64 MP,Rp 2.527.000,https://d1n6dbtoa2690v.cloudfront.net/images/product/150/97646_150_1.jpg,118,4,64,6.5,5000,8.0,13,1299900.0,2.0,2.0,2.0,2.0,1.0,2.0,766.0948025,Realme C21Y,https://d1n6dbtoa2690v.cloudfront.net/images/product/150/96404_150_1.jpg,Rp 1.299.900,https://www.pricebook.co.id//Realme-C21Y-RAM-4GB-ROM-64GB/40/PD_00096404
118,118,Realme C21Y,Unisoc T610,4 GB,64 GB,6.5 inch,5000 mAh,8 MP,13 MP,Rp 1.299.900,https://d1n6dbtoa2690v.cloudfront.net/images/product/150/96404_150_1.jpg,119,4,64,6.5,6000,16.0,50,1499900.0,2.0,2.0,2.0,2.0,3.0,3.0,924.7873605,Realme Narzo 50A,https://d1n6dbtoa2690v.cloudfront.net/images/product/150/97401_150_1.jpg,Rp 1.499.900,https://www.pricebook.co.id//Realme-Narzo-50A-RAM-4GB-ROM-64GB/40/PD_00097401
119,119,Realme Narzo 50A,Helio G85 (12nm),4 GB,64 GB,6.5 inch,6000 mAh,16 MP,50 MP,Rp 1.499.900,https://d1n6dbtoa2690v.cloudfront.net/images/product/150/97401_150_1.jpg,120,8,128,6.5,5000,8.0,64,2119900.0,4.0,2.0,2.0,2.0,3.0,2.0,835.5842205,Realme 7i,https://d1n6dbtoa2690v.cloudfront.net/images/product/150/93625_150_1.jpg,Rp 2.119.900,https://www.pricebook.co.id//Realme-7i-RAM-8GB-ROM-128GB/40/PD_00093625
120,120,Realme 7i,Snapdragon 662 (11nm),8 GB,128 GB,6.5 inch,5000 mAh,8 MP,64 MP,Rp 2.119.900,https://d1n6dbtoa2690v.cloudfront.net/images/product/150/93625_150_1.jpg,121,4,128,6.6,5000,5.0,50,1625000.0,3.0,2.0,2.0,2.0,3.0,2.0,826.6218306000001,Realme C35,https://d1n6dbtoa2690v.cloudfront.net/images/product/150/97765_150_1.jpg,Rp 1.625.000,https://www.pricebook.co.id//Realme-C35-RAM-4GB-ROM-128GB/40/PD_00097765
121,121,Realme C35,T616 (12 nm),4 GB,128 GB,6.6 inch,5000 mAh,5 MP,50 MP,Rp 1.625.000,https://d1n6dbtoa2690v.cloudfront.net/images/product/150/97765_150_1.jpg,122,4,64,6.5,5000,2.0,8,1299000.0,2.0,2.0,2.0,2.0,1.0,2.0,763.8951324999999,Realme C30,https://d1n6dbtoa2690v.cloudfront.net/images/product/150/98255_150_1.jpg,Rp 1.299.000,https://www.pricebook.co.id//Realme-C30-RAM-4GB-ROM-64GB/40/PD_00098255
122,122,Realme C30,Tiger T612 (12 nm),4 GB,64 GB,6.5 inch,5000 mAh,2,8 MP,Rp 1.299.000,https://d1n6dbtoa2690v.cloudfront.net/images/product/150/98255_150_1.jpg,123,3,32,6.5,5000,5.0,13,979000.0,2.0,1.0,2.0,2.0,1.0,2.0,743.2740385000001,Realme C31,https://d1n6dbtoa2690v.cloudfront.net/images/product/150/97709_150_1.jpg,Rp 979.000,https://www.pricebook.co.id//Realme-C31-RAM-3GB-ROM-32GB/40/PD_00097709
123,123,Realme C31,Tiger T612 (12 nm),3 GB,32 GB,6.5 inch,5000 mAh,5 MP,13 MP,Rp 979.000,https://d1n6dbtoa2690v.cloudfront.net/images/product/150/97709_150_1.jpg,124,4,64,6.5,5000,16.0,8,1000000.0,2.0,2.0,2.0,2.0,1.0,2.0,763.8951324999999,Realme C11 (2021),https://d1n6dbtoa2690v.cloudfront.net/images/product/150/97385_150_1.jpg,Rp 1.000.000,https://www.pricebook.co.id//Realme-C11-2021-RAM-4GB-ROM-64GB/40/PD_00097385
124,124,Realme C11 (2021),SC9863A (28nm),4 GB,64 GB,6.5 inch,5000 mAh,16 MP,8 MP,Rp 1.000.000,https://d1n6dbtoa2690v.cloudfront.net/images/product/150/97385_150_1.jpg,125,6,128,6.6,5000,8.0,50,1839000.0,3.0,2.0,2.0,2.0,3.0,2.0,828.0330866000002,Realme 8i,https://d1n6dbtoa2690v.cloudfront.net/images/product/150/97443_150_1.jpg,Rp 1.839.000,https://www.pricebook.co.id//Realme-8i-RAM-6GB-ROM-128GB/40/PD_00097443
125,125,Realme 8i,Helio G96 (12 nm),6 GB,128 GB,6.6 inch,5000 mAh,8 MP,50 MP,Rp 1.839.000,https://d1n6dbtoa2690v.cloudfront.net/images/product/150/97443_150_1.jpg,126,4,64,6.6,5000,5.0,50,1849000.0,3.0,2.0,2.0,2.0,3.0,2.0,782.3915586,Realme C35,https://d1n6dbtoa2690v.cloudfront.net/images/product/150/97764_150_1.jpg,Rp 1.849.000,https://www.pricebook.co.id//Realme-C35-RAM-4GB-ROM-64GB/40/PD_00097764
126,126,Realme C35,T616 (12 nm),4 GB,64 GB,6.6 inch,5000 mAh,5 MP,50 MP,Rp 1.849.000,https://d1n6dbtoa2690v.cloudfront.net/images/product/150/97764_150_1.jpg,127,3,32,6.5,6000,5.0,13,940500.0,2.0,1.0,2.0,2.0,1.0,3.0,885.6890385000002,Realme C12,https://d1n6dbtoa2690v.cloudfront.net/images/product/150/93479_150_1.jpg,Rp 940.500,https://www.pricebook.co.id//Realme-C12-RAM-3GB-ROM-32GB/40/PD_00093479
127,127,Realme C12,Helio G35 (12 nm),3 GB,32 GB,6.5 inch,6000 mAh,5 MP,13 MP,Rp 940.500,https://d1n6dbtoa2690v.cloudfront.net/images/product/150/93479_150_1.jpg,128,3,32,6.5,5000,16.0,12,1000000.0,2.0,1.0,2.0,2.0,1.0,2.0,742.8341045000001,Realme C3,https://d1n6dbtoa2690v.cloudfront.net/images/product/150/92144_150_1.jpg,Rp 1.000.000,https://www.pricebook.co.id//Realme-C3-RAM-3GB-ROM-32GB/40/PD_00092144
128,128,Realme C3,Helio G70,3 GB,32 GB,6.5 inch,5000 mAh,16 MP,12 MP,Rp 1.000.000,https://d1n6dbtoa2690v.cloudfront.net/images/product/150/92144_150_1.jpg,129,8,256,6.7,5000,5.0,50,6299000.0,8.0,2.0,3.0,2.0,3.0,2.0,917.9240847000002,Realme GT Neo 3,https://d1n6dbtoa2690v.cloudfront.net/images/product/150/98045_150_1.jpg,Rp 6.299.000,https://www.pricebook.co.id//Realme-GT-Neo-3-80W-RAM-8GB-ROM-256GB/40/PD_00098045
129,129,Realme GT Neo 3,Dimensity 8100 (5 nm),8 GB,256 GB,6.7 inch,5000 mAh,5 MP,50 MP,Rp 6.299.000,https://d1n6dbtoa2690v.cloudfront.net/images/product/150/98045_150_1.jpg,130,3,32,6.1,4000,16.0,13,1075365.0,2.0,1.0,2.0,2.0,1.0,1.0,600.7822461000002,Realme C2,https://d1n6dbtoa2690v.cloudfront.net/images/product/150/82931_150_1.jpg,Rp 1.075.365,https://www.pricebook.co.id//Realme-C2-RAM-3GB-ROM-32GB/40/PD_00082931
130,130,Realme C2,MT6762 Helio P22,3 GB,32 GB,6.1 inch,4000 mAh,16 MP,13 MP,Rp 1.075.365,https://d1n6dbtoa2690v.cloudfront.net/images/product/150/82931_150_1.jpg,131,8,128,6.3,4035,16.0,48,1750000.0,3.0,2.0,2.0,2.0,2.0,2.0,691.0764053000001,Realme 5 Pro,https://d1n6dbtoa2690v.cloudfront.net/images/product/150/86684_150_1.jpg,Rp 1.750.000,https://www.pricebook.co.id//Realme-5-Pro-RAM-8GB-ROM-128GB/40/PD_00086684
131,131,Realme 5 Pro,SDM712 Snapdragon 712,8 GB,128 GB,6.3 inch,4035 mAh,16 MP,48 MP,Rp 1.750.000,https://d1n6dbtoa2690v.cloudfront.net/images/product/150/86684_150_1.jpg,132,6,128,6.6,5000,16.0,50,2250000.0,4.0,2.0,2.0,2.0,3.0,2.0,828.0330866000002,Realme 9i,https://d1n6dbtoa2690v.cloudfront.net/images/product/150/97567_150_1.jpg,Rp 2.250.000,https://www.pricebook.co.id//Realme-9i-RAM-6GB-ROM-128GB/40/PD_00097567
132,132,Realme 9i,SM6225 Snapdragon 680 4G (6 nm),6 GB,128 GB,6.6 inch,5000 mAh,16 MP,50 MP,Rp 2.250.000,https://d1n6dbtoa2690v.cloudfront.net/images/product/150/97567_150_1.jpg,133,4,128,6.5,4300,16.0,64,2799000.0,5.0,2.0,2.0,2.0,3.0,2.0,733.0712084999999,Realme 6,https://d1n6dbtoa2690v.cloudfront.net/images/product/150/92695_150_1.jpg,Rp 2.799.000,https://www.pricebook.co.id//Realme-6-RAM-4GB-ROM-128GB/40/PD_00092695
133,133,Realme 6,Mediatek MT6785 Helio G90T,4 GB,128 GB,6.5 inch,4300 mAh,16 MP,64 MP,Rp 2.799.000,https://d1n6dbtoa2690v.cloudfront.net/images/product/150/92695_150_1.jpg,134,8,128,6.4,5000,16.0,108,2949000.0,5.0,2.0,2.0,2.0,3.0,2.0,854.9221184000002,Realme 9,https://d1n6dbtoa2690v.cloudfront.net/images/product/150/97808_150_1.jpg,Rp 2.949.000,https://www.pricebook.co.id//Realme-9-RAM-8GB-ROM-128GB/40/PD_00097808
134,134,Realme 9,SM6225 Snapdragon 680 4G (6 nm),8 GB,128 GB,6.4 inch,5000 mAh,16 MP,108 MP,Rp 2.949.000,https://d1n6dbtoa2690v.cloudfront.net/images/product/150/97808_150_1.jpg,135,4,128,6.3,4035,8.0,48,2399000.0,4.0,2.0,2.0,2.0,2.0,2.0,688.2538933000001,Realme 5 Pro,https://d1n6dbtoa2690v.cloudfront.net/images/product/150/87371_150_1.jpg,Rp 2.399.000,https://www.pricebook.co.id//Realme-5-Pro-RAM-4GB-ROM-128GB/40/PD_00087371
135,135,Realme 5 Pro,SDM712 Snapdragon 712,4 GB,128 GB,6.3 inch,4035 mAh,8 MP,48 MP,Rp 2.399.000,https://d1n6dbtoa2690v.cloudfront.net/images/product/150/87371_150_1.jpg,136,4,64,6.6,5000,13.0,50,1479000.0,2.0,2.0,2.0,2.0,3.0,2.0,782.3915586,Realme Narzo 50A Prime,https://d1n6dbtoa2690v.cloudfront.net/images/product/150/97810_150_1.jpg,Rp 1.479.000,https://www.pricebook.co.id//Realme-Narzo-50A-Prime-RAM-4GB-ROM-64GB/40/PD_00097810
136,136,Realme Narzo 50A Prime,Tiger T612 (12 nm),4 GB,64 GB,6.6 inch,5000 mAh,13 MP,50 MP,Rp 1.479.000,https://d1n6dbtoa2690v.cloudfront.net/images/product/150/97810_150_1.jpg,137,3,64,6.5,5000,8.0,12,1949900.0,3.0,1.0,2.0,2.0,1.0,2.0,764.9492405000001,Realme 5,https://d1n6dbtoa2690v.cloudfront.net/images/product/150/86680_150_1.jpg,Rp 1.949.900,https://www.pricebook.co.id//Realme-5-RAM-3GB-ROM-64GB/40/PD_00086680
137,137,Realme 5,SDM665 Snapdragon 665,3 GB,64 GB,6.5 inch,5000 mAh,8 MP,12 MP,Rp 1.949.900,https://d1n6dbtoa2690v.cloudfront.net/images/product/150/86680_150_1.jpg,138,4,64,6.5,6000,16.0,48,1399000.0,2.0,2.0,2.0,2.0,2.0,3.0,923.9074925,Realme C25,https://d1n6dbtoa2690v.cloudfront.net/images/product/150/95356_150_1.jpg,Rp 1.399.000,https://www.pricebook.co.id//Realme-C25-RAM-4GB-ROM-64GB/40/PD_00095356
138,138,Realme C25,Helio G70 (12 nm),4 GB,64 GB,6.5 inch,6000 mAh,16 MP,48 MP,Rp 1.399.000,https://d1n6dbtoa2690v.cloudfront.net/images/product/150/95356_150_1.jpg,139,8,128,6.5,5000,16.0,48,2749000.0,5.0,2.0,2.0,2.0,2.0,2.0,828.5452765000001,Realme 8 5G,https://d1n6dbtoa2690v.cloudfront.net/images/product/150/96040_150_1.jpg,Rp 2.749.000,https://www.pricebook.co.id//Realme-8-5G-RAM-8GB-ROM-128GB/40/PD_00096040
139,139,Realme 8 5G,MT6833 Dimensity 700 5G (7 nm),8 GB,128 GB,6.5 inch,5000 mAh,16 MP,48 MP,Rp 2.749.000,https://d1n6dbtoa2690v.cloudfront.net/images/product/150/96040_150_1.jpg,140,8,256,6.4,4500,16.0,50,4399000.0,7.0,2.0,3.0,2.0,3.0,2.0,846.6589904000002,Realme 9 Pro Plus,https://d1n6dbtoa2690v.cloudfront.net/images/product/150/97649_150_1.jpg,Rp 4.399.000,https://www.pricebook.co.id//Realme-9-Pro-Plus-RAM-8GB-ROM-256GB/40/PD_00097649
140,140,Realme 9 Pro Plus,MediaTek Dimensity 920 5G (6 nm),8 GB,256 GB,6.4 inch,4500 mAh,16 MP,50 MP,Rp 4.399.000,https://d1n6dbtoa2690v.cloudfront.net/images/product/150/97649_150_1.jpg,141,6,128,6.6,5000,5.0,64,2999000.0,5.0,2.0,2.0,2.0,3.0,2.0,834.1921626000001,Realme 9 Pro,https://d1n6dbtoa2690v.cloudfront.net/images/product/150/97647_150_1.jpg,Rp 2.999.000,https://www.pricebook.co.id//Realme-9-Pro-RAM-6GB-ROM-128GB/40/PD_00097647
141,141,Realme 9 Pro,SM6375 Snapdragon 695 5G (6 nm),6 GB,128 GB,6.6 inch,5000 mAh,5 MP,64 MP,Rp 2.999.000,https://d1n6dbtoa2690v.cloudfront.net/images/product/150/97647_150_1.jpg,142,4,64,6.5,5000,16.0,12,1449000.0,2.0,2.0,2.0,2.0,1.0,2.0,765.6548685,Realme C3,https://d1n6dbtoa2690v.cloudfront.net/images/product/150/92145_150_1.jpg,Rp 1.449.000,https://www.pricebook.co.id//Realme-C3-RAM-4GB-ROM-64GB/40/PD_00092145
142,142,Realme C3,Helio G70,4 GB,64 GB,6.5 inch,5000 mAh,16 MP,12 MP,Rp 1.449.000,https://d1n6dbtoa2690v.cloudfront.net/images/product/150/92145_150_1.jpg,143,8,128,6.53,3765,16.0,48,4499000.0,7.0,2.0,2.0,2.0,2.0,1.0,652.6685109300001,Realme X,https://d1n6dbtoa2690v.cloudfront.net/images/product/150/83545_150_1.jpg,Rp 4.499.000,https://www.pricebook.co.id//Realme-X-RAM-8GB-ROM-128GB/40/PD_00083545
143,143,Realme X,SDM710 Snapdragon 710,8 GB,128 GB,6.53 inch,3765 mAh,16 MP,48 MP,Rp 4.499.000,https://d1n6dbtoa2690v.cloudfront.net/images/product/150/83545_150_1.jpg,144,8,128,6.5,4200,5.0,64,2900000.0,5.0,2.0,2.0,2.0,3.0,2.0,721.6522205,Realme 6,https://d1n6dbtoa2690v.cloudfront.net/images/product/150/92587_150_1.jpg,Rp 2.900.000,https://www.pricebook.co.id//Realme-6-RAM-8GB-ROM-128GB/40/PD_00092587
144,144,Realme 6,Mediatek MT6785 Helio G90T,8 GB,128 GB,6.5 inch,4200 mAh,5 MP,64 MP,Rp 2.900.000,https://d1n6dbtoa2690v.cloudfront.net/images/product/150/92587_150_1.jpg,145,3,32,6.5,5000,5.0,13,1350000.0,2.0,1.0,2.0,2.0,1.0,2.0,743.2740385000001,Realme C11,https://d1n6dbtoa2690v.cloudfront.net/images/product/150/93130_150_1.jpg,Rp 1.350.000,https://www.pricebook.co.id//Realme-C11-RAM-3GB-ROM-32GB/40/PD_00093130
145,145,Realme C11,Helio G35,3 GB,32 GB,6.5 inch,5000 mAh,5 MP,13 MP,Rp 1.350.000,https://d1n6dbtoa2690v.cloudfront.net/images/product/150/93130_150_1.jpg,146,2,32,6.1,4000,8.0,13,1225000.0,2.0,1.0,2.0,2.0,1.0,1.0,600.0766181000001,Realme C2,https://d1n6dbtoa2690v.cloudfront.net/images/product/150/85501_150_1.jpg,Rp 1.225.000,https://www.pricebook.co.id//Realme-C2-RAM-2GB-ROM-32GB/40/PD_00085501
146,146,Realme C2,MT6762 Helio P22,2 GB,32 GB,6.1 inch,4000 mAh,8 MP,13 MP,Rp 1.225.000,https://d1n6dbtoa2690v.cloudfront.net/images/product/150/85501_150_1.jpg,147,4,64,6.5,6000,8.0,48,1200000.0,2.0,2.0,2.0,2.0,2.0,3.0,923.9074925,Realme Narzo 20,https://d1n6dbtoa2690v.cloudfront.net/images/product/150/94121_150_1.jpg,Rp 1.200.000,https://www.pricebook.co.id//Realme-Narzo-20-64GB/40/PD_00094121
147,147,Realme Narzo 20,Helio G85,4 GB,64 GB,6.5 inch,6000 mAh,8 MP,48 MP,Rp 1.200.000,https://d1n6dbtoa2690v.cloudfront.net/images/product/150/94121_150_1.jpg,148,4,64,6.51,5000,8.0,13,1798900.0,3.0,2.0,2.0,2.0,1.0,2.0,766.09672231,Vivo Y21 (2021),https://d1n6dbtoa2690v.cloudfront.net/images/product/150/96994_150_1.jpg,Rp 1.798.900,https://www.pricebook.co.id//Vivo-Y21-2021-RAM-4GB-ROM-64GB/40/PD_00096994
148,148,Vivo Y21 (2021),Mediatek MT6765 Helio P35 (12nm),4 GB,64 GB,6.51 inch,5000 mAh,8 MP,13 MP,Rp 1.798.900,https://d1n6dbtoa2690v.cloudfront.net/images/product/150/96994_150_1.jpg,149,4,64,6.55,5000,16.0,50,2039000.0,4.0,2.0,2.0,2.0,3.0,2.0,782.38195955,Vivo Y22 (2022),https://d1n6dbtoa2690v.cloudfront.net/images/product/150/98384_150_1.jpg,Rp 2.039.000,https://www.pricebook.co.id//Vivo-Y22-2022-RAM-4GB-ROM-64GB/40/PD_00098384
149,149,Vivo Y22 (2022),Helio G85 (12nm),4 GB,64 GB,6.55 inch,5000 mAh,16 MP,50 MP,Rp 2.039.000,https://d1n6dbtoa2690v.cloudfront.net/images/product/150/98384_150_1.jpg,150,8,128,6.58,5000,8.0,50,3109000.0,6.0,2.0,2.0,2.0,3.0,2.0,829.4405029800001,Vivo T1 5G,https://d1n6dbtoa2690v.cloudfront.net/images/product/150/97978_150_1.jpg,Rp 3.109.000,https://www.pricebook.co.id//Vivo-T1-5G-RAM-8GB-ROM-128GB/40/PD_00097978
150,150,Vivo T1 5G,Dimensity 810 5G,8 GB,128 GB,6.58 inch,5000 mAh,8 MP,50 MP,Rp 3.109.000,https://d1n6dbtoa2690v.cloudfront.net/images/product/150/97978_150_1.jpg,151,3,32,6.51,5000,8.0,13,1475000.0,2.0,1.0,2.0,2.0,1.0,2.0,743.2759583100001,Vivo Y12s,https://d1n6dbtoa2690v.cloudfront.net/images/product/150/94332_150_1.jpg,Rp 1.475.000,https://www.pricebook.co.id//Vivo-Y12s-RAM-3GB-ROM-32GB/40/PD_00094332
151,151,Vivo Y12s,Mediatek MT6765 Helio P35,3 GB,32 GB,6.51 inch,5000 mAh,8 MP,13 MP,Rp 1.475.000,https://d1n6dbtoa2690v.cloudfront.net/images/product/150/94332_150_1.jpg,152,3,32,6.51,5000,32.0,13,1583120.0,3.0,1.0,2.0,2.0,1.0,2.0,743.2759583100001,Vivo Y16,https://d1n6dbtoa2690v.cloudfront.net/images/product/150/98379_150_1.jpg,Rp 1.583.120,https://www.pricebook.co.id//Vivo-Y16-RAM-3GB-ROM-32GB/40/PD_00098379
152,152,Vivo Y16,Helio G35,3 GB,32 GB,6.51 inch,5000 mAh,32 MP,13 MP,Rp 1.583.120,https://d1n6dbtoa2690v.cloudfront.net/images/product/150/98379_150_1.jpg,153,8,256,6.44,4500,20.0,64,3498900.0,6.0,2.0,3.0,2.0,3.0,2.0,852.8257456400002,Vivo V25e,https://d1n6dbtoa2690v.cloudfront.net/images/product/150/98478_150_1.jpg,Rp 3.498.900,https://www.pricebook.co.id//Vivo-V25e-RAM-8GB-ROM-256GB/40/PD_00098478
153,153,Vivo V25e,Helio G99 (6nm),8 GB,256 GB,6.44 inch,4500 mAh,20 MP,64 MP,Rp 3.498.900,https://d1n6dbtoa2690v.cloudfront.net/images/product/150/98478_150_1.jpg,154,4,128,6.35,5000,8.0,13,1344000.0,2.0,2.0,2.0,2.0,1.0,2.0,810.2962773500001,Vivo Y17,https://d1n6dbtoa2690v.cloudfront.net/images/product/150/83047_150_1.jpg,Rp 1.344.000,https://www.pricebook.co.id//Vivo-Y17-RAM-4GB-ROM-128GB/40/PD_00083047
154,154,Vivo Y17,MT6765 Helio P35,4 GB,128 GB,6.35 inch,5000 mAh,8 MP,13 MP,Rp 1.344.000,https://d1n6dbtoa2690v.cloudfront.net/images/product/150/83047_150_1.jpg,155,6,128,6.55,5000,44.0,50,2399000.0,4.0,2.0,2.0,2.0,3.0,2.0,828.0234875500001,Vivo Y22 (2022),https://d1n6dbtoa2690v.cloudfront.net/images/product/150/98385_150_1.jpg,Rp 2.399.000,https://www.pricebook.co.id//Vivo-Y22-2022-RAM-6GB-ROM-128GB/40/PD_00098385
155,155,Vivo Y22 (2022),Helio G85 (12nm),6 GB,128 GB,6.55 inch,5000 mAh,44 MP,50 MP,Rp 2.399.000,https://d1n6dbtoa2690v.cloudfront.net/images/product/150/98385_150_1.jpg,156,8,128,6.44,4000,50.0,64,2349000.0,4.0,2.0,2.0,2.0,3.0,1.0,693.1577016400001,Vivo V20,https://d1n6dbtoa2690v.cloudfront.net/images/product/150/93795_150_1.jpg,Rp 2.349.000,https://www.pricebook.co.id//Vivo-V20-RAM-8GB-ROM-128GB/40/PD_00093795
156,156,Vivo V20,SM7125 Snapdragon 720G (8 nm),8 GB,128 GB,6.44 inch,4000 mAh,50 MP,64 MP,Rp 2.349.000,https://d1n6dbtoa2690v.cloudfront.net/images/product/150/93795_150_1.jpg,157,8,128,6.44,4500,16.0,64,5355000.0,8.0,2.0,2.0,2.0,3.0,2.0,764.3652016400001,Vivo V25,https://d1n6dbtoa2690v.cloudfront.net/images/product/150/98347_150_1.jpg,Rp 5.355.000,https://www.pricebook.co.id//Vivo-V25-RAM-8GB-ROM-128GB/40/PD_00098347
157,157,Vivo V25,MT6877 Dimensity 900 (6 nm),8 GB,128 GB,6.44 inch,4500 mAh,16 MP,64 MP,Rp 5.355.000,https://d1n6dbtoa2690v.cloudfront.net/images/product/150/98347_150_1.jpg,158,8,256,6.58,5000,16.0,50,3215000.0,6.0,2.0,3.0,2.0,3.0,2.0,917.9010469800002,Vivo T1 5G,https://d1n6dbtoa2690v.cloudfront.net/images/product/150/98257_150_1.jpg,Rp 3.215.000,https://www.pricebook.co.id//Vivo-T1-5G-RAM-8GB-ROM-256GB/40/PD_00098257
158,158,Vivo T1 5G,SM6375 Snapdragon 695 5G (6 nm),8 GB,256 GB,6.58 inch,5000 mAh,16 MP,50 MP,Rp 3.215.000,https://d1n6dbtoa2690v.cloudfront.net/images/product/150/98257_150_1.jpg,159,8,128,6.58,5000,16.0,50,2899000.0,5.0,2.0,2.0,2.0,3.0,2.0,829.4405029800001,Vivo Y35,https://d1n6dbtoa2690v.cloudfront.net/images/product/150/98346_150_1.jpg,Rp 2.899.000,https://www.pricebook.co.id//Vivo-Y35-RAM-8GB-ROM-128GB/40/PD_00098346
159,159,Vivo Y35,SM6225 Snapdragon 680 4G (6 nm),8 GB,128 GB,6.58 inch,5000 mAh,16 MP,50 MP,Rp 2.899.000,https://d1n6dbtoa2690v.cloudfront.net/images/product/150/98346_150_1.jpg,160,8,128,6.58,5000,32.0,50,2000000.0,4.0,2.0,2.0,2.0,3.0,2.0,829.4405029800001,Vivo Y33s,https://d1n6dbtoa2690v.cloudfront.net/images/product/150/97227_150_1.jpg,Rp 2.000.000,https://www.pricebook.co.id//Vivo-Y33s-RAM-8GB-ROM-128GB/40/PD_00097227
160,160,Vivo Y33s,Mediatek Helio G80 (12 nm),8 GB,128 GB,6.58 inch,5000 mAh,32 MP,50 MP,Rp 2.000.000,https://d1n6dbtoa2690v.cloudfront.net/images/product/150/97227_150_1.jpg,161,12,256,6.56,4830,8.0,64,7899999.0,8.0,3.0,3.0,2.0,3.0,2.0,902.66824536,Vivo V25 Pro,https://d1n6dbtoa2690v.cloudfront.net/images/product/150/98351_150_1.jpg,Rp 7.899.999,https://www.pricebook.co.id//Vivo-V25-Pro-RAM-12GB-ROM-256GB/40/PD_00098351
161,161,Vivo V25 Pro,Dimensity 1300 (6 nm),12 GB,256 GB,6.56 inch,4830 mAh,8 MP,64 MP,Rp 7.899.999,https://d1n6dbtoa2690v.cloudfront.net/images/product/150/98351_150_1.jpg,162,4,64,6.51,5000,8.0,13,1579000.0,3.0,2.0,2.0,2.0,1.0,2.0,766.09672231,Vivo Y21A,https://d1n6dbtoa2690v.cloudfront.net/images/product/150/97665_150_1.jpg,Rp 1.579.000,https://www.pricebook.co.id//Vivo-Y21A-RAM-4GB-ROM-64GB/40/PD_00097665
162,162,Vivo Y21A,MT6762 Helio P22 (12 nm),4 GB,64 GB,6.51 inch,5000 mAh,8 MP,13 MP,Rp 1.579.000,https://d1n6dbtoa2690v.cloudfront.net/images/product/150/97665_150_1.jpg,163,4,64,6.51,5000,16.0,13,1799000.0,3.0,2.0,2.0,2.0,1.0,2.0,766.09672231,Vivo Y20 (2021),https://d1n6dbtoa2690v.cloudfront.net/images/product/150/96407_150_1.jpg,Rp 1.799.000,https://www.pricebook.co.id//Vivo-Y20-2021-RAM-4GB-ROM-64GB/40/PD_00096407
163,163,Vivo Y20 (2021),MT6765 Helio P35,4 GB,64 GB,6.51 inch,5000 mAh,16 MP,13 MP,Rp 1.799.000,https://d1n6dbtoa2690v.cloudfront.net/images/product/150/96407_150_1.jpg,164,8,128,6.44,4700,8.0,64,4069000.0,7.0,2.0,2.0,2.0,3.0,2.0,792.8482016400001,Vivo T1 Pro 5G,https://d1n6dbtoa2690v.cloudfront.net/images/product/150/97981_150_1.jpg,Rp 4.069.000,https://www.pricebook.co.id//Vivo-T1-Pro-5G-RAM-8GB-ROM-128GB/40/PD_00097981
164,164,Vivo T1 Pro 5G,SM7325 Snapdragon 778G 5G (6 nm),8 GB,128 GB,6.44 inch,4700 mAh,8 MP,64 MP,Rp 4.069.000,https://d1n6dbtoa2690v.cloudfront.net/images/product/150/97981_150_1.jpg,165,3,32,6.2,4030,50.0,13,1650000.0,3.0,1.0,2.0,2.0,1.0,2.0,605.0738942,Vivo Y93,https://d1n6dbtoa2690v.cloudfront.net/images/product/150/81363_150_1.jpg,Rp 1.650.000,https://www.pricebook.co.id//Vivo-Y93-RAM-3GB-ROM-32GB/40/PD_00081363
165,165,Vivo Y93,SDM439 Snapdragon 439,3 GB,32 GB,6.2 inch,4030 mAh,50 MP,13 MP,Rp 1.650.000,https://d1n6dbtoa2690v.cloudfront.net/images/product/150/81363_150_1.jpg,166,8,128,6.4,4050,8.0,64,2350000.0,4.0,2.0,2.0,2.0,3.0,2.0,700.2707724,Vivo V23e,https://d1n6dbtoa2690v.cloudfront.net/images/product/150/97440_150_1.jpg,Rp 2.350.000,https://www.pricebook.co.id//Vivo-V23e-RAM-8GB-ROM-128GB/40/PD_00097440
166,166,Vivo V23e,Helio G96 (12 nm),8 GB,128 GB,6.4 inch,4050 mAh,8 MP,64 MP,Rp 2.350.000,https://d1n6dbtoa2690v.cloudfront.net/images/product/150/97440_150_1.jpg,167,8,128,6.51,5000,16.0,13,1499000.0,2.0,2.0,2.0,2.0,1.0,2.0,813.1495063100001,Vivo Y20s,https://d1n6dbtoa2690v.cloudfront.net/images/product/150/94115_150_1.jpg,Rp 1.499.000,https://www.pricebook.co.id//Vivo-Y20s-RAM-8GB-ROM-128GB/40/PD_00094115
167,167,Vivo Y20s,SM4250 Snapdragon 460,8 GB,128 GB,6.51 inch,5000 mAh,16 MP,13 MP,Rp 1.499.000,https://d1n6dbtoa2690v.cloudfront.net/images/product/150/94115_150_1.jpg,168,6,128,6.53,5000,8.0,16,1699000.0,3.0,2.0,2.0,2.0,1.0,2.0,813.0618919300001,Vivo Y19,https://d1n6dbtoa2690v.cloudfront.net/images/product/150/90841_150_1.jpg,Rp 1.699.000,https://www.pricebook.co.id//Vivo-Y19-RAM-6GB-ROM-128GB/40/PD_00090841
168,168,Vivo Y19,MT6768 Helio P65,6 GB,128 GB,6.53 inch,5000 mAh,8 MP,16 MP,Rp 1.699.000,https://d1n6dbtoa2690v.cloudfront.net/images/product/150/90841_150_1.jpg,169,3,32,6.51,5000,16.0,13,940000.0,2.0,1.0,2.0,2.0,1.0,2.0,743.2759583100001,Vivo Y15s,https://d1n6dbtoa2690v.cloudfront.net/images/product/150/97431_150_1.jpg,Rp 940.000,https://www.pricebook.co.id//Vivo-Y15s-RAM-3GB-ROM-32GB/40/PD_00097431
169,169,Vivo Y15s,MT6765 Helio P35 (12nm),3 GB,32 GB,6.51 inch,5000 mAh,16 MP,13 MP,Rp 940.000,https://d1n6dbtoa2690v.cloudfront.net/images/product/150/97431_150_1.jpg,170,8,128,6.53,5000,16.0,13,2199000.0,4.0,2.0,2.0,2.0,1.0,2.0,813.1533459300001,Vivo Y50,https://d1n6dbtoa2690v.cloudfront.net/images/product/150/92699_150_1.jpg,Rp 2.199.000,https://www.pricebook.co.id//Vivo-Y50-RAM-8GB-ROM-128GB/40/PD_00092699
170,170,Vivo Y50,Snapdragon 665,8 GB,128 GB,6.53 inch,5000 mAh,16 MP,13 MP,Rp 2.199.000,https://d1n6dbtoa2690v.cloudfront.net/images/product/150/92699_150_1.jpg,171,4,128,6.58,5000,799.0,50,2525000.0,5.0,2.0,2.0,2.0,3.0,2.0,826.6179909800001,Vivo T1 5G,https://d1n6dbtoa2690v.cloudfront.net/images/product/150/97980_150_1.jpg,Rp 2.525.000,https://www.pricebook.co.id//Vivo-T1-5G-RAM-4GB-ROM-128GB/40/PD_00097980
171,171,Vivo T1 5G,Dimensity 810 5G,4 GB,128 GB,6.58 inch,5000 mAh,7.99 MP,50 MP,Rp 2.525.000,https://d1n6dbtoa2690v.cloudfront.net/images/product/150/97980_150_1.jpg,172,2,32,6.22,4030,32.0,12,989900.0,2.0,1.0,2.0,2.0,1.0,2.0,603.93217182,Vivo Y91C,https://d1n6dbtoa2690v.cloudfront.net/images/product/150/82922_150_1.jpg,Rp 989.900,https://www.pricebook.co.id//Vivo-Y91C-RAM-2GB-ROM-32GB/40/PD_00082922
172,172,Vivo Y91C,MT6762 Helio P22,2 GB,32 GB,6.22 inch,4030 mAh,32 MP,12 MP,Rp 989.900,https://d1n6dbtoa2690v.cloudfront.net/images/product/150/82922_150_1.jpg,173,8,128,6.44,4100,2.0,48,3500000.0,6.0,2.0,2.0,2.0,2.0,2.0,700.3602576400002,Vivo V17 Pro,https://d1n6dbtoa2690v.cloudfront.net/images/product/150/87370_150_1.jpg,Rp 3.500.000,https://www.pricebook.co.id//Vivo-V17-Pro-RAM-8GB-ROM-128GB/40/PD_00087370
173,173,Vivo V17 Pro,SDM675 Snapdragon 675,8 GB,128 GB,6.44 inch,4100 mAh,2,48 MP,Rp 3.500.000,https://d1n6dbtoa2690v.cloudfront.net/images/product/150/87370_150_1.jpg,174,8,128,6.39,3700,32.0,48,1759000.0,3.0,2.0,2.0,2.0,2.0,1.0,643.3846585900002,Vivo V15 Pro,https://d1n6dbtoa2690v.cloudfront.net/images/product/150/81972_150_1.jpg,Rp 1.759.000,https://www.pricebook.co.id//Vivo-V15-Pro-8GB/40/PD_00081972
174,174,Vivo V15 Pro,SDM675 Snapdragon 675,8 GB,128 GB,6.39 inch,3700 mAh,32 MP,48 MP,Rp 1.759.000,https://d1n6dbtoa2690v.cloudfront.net/images/product/150/81972_150_1.jpg,175,3,32,6.53,5000,8.0,13,1459900.0,2.0,1.0,2.0,2.0,1.0,2.0,743.2797979300001,Vivo Y12,https://d1n6dbtoa2690v.cloudfront.net/images/product/150/87517_150_1.jpg,Rp 1.459.900,https://www.pricebook.co.id//Vivo-Y12-RAM-3GB-ROM-32GB/40/PD_00087517
175,175,Vivo Y12,MT6762 Helio P22,3 GB,32 GB,6.53 inch,5000 mAh,8 MP,13 MP,Rp 1.459.900,https://d1n6dbtoa2690v.cloudfront.net/images/product/150/87517_150_1.jpg,176,8,128,6.44,4500,32.0,48,2399000.0,4.0,2.0,2.0,2.0,2.0,2.0,757.3262576400002,Vivo V19,https://d1n6dbtoa2690v.cloudfront.net/images/product/150/92358_150_1.jpg,Rp 2.399.000,https://www.pricebook.co.id//Vivo-V19-128GB/40/PD_00092358
176,176,Vivo V19,SDM 675 AIE,8 GB,128 GB,6.44 inch,4500 mAh,32 MP,48 MP,Rp 2.399.000,https://d1n6dbtoa2690v.cloudfront.net/images/product/150/92358_150_1.jpg,177,8,128,6.58,5000,16.0,64,2229000.0,4.0,2.0,2.0,2.0,3.0,2.0,835.59957898,Vivo Y53S,https://d1n6dbtoa2690v.cloudfront.net/images/product/150/96357_150_1.jpg,Rp 2.229.000,https://www.pricebook.co.id//Vivo-Y53S-RAM-8GB-ROM-128GB/40/PD_00096357
177,177,Vivo Y53S,Helio G80,8 GB,128 GB,6.58 inch,5000 mAh,16 MP,64 MP,Rp 2.229.000,https://d1n6dbtoa2690v.cloudfront.net/images/product/150/96357_150_1.jpg,178,6,64,6.53,4000,8.0,24,1799000.0,3.0,2.0,2.0,2.0,2.0,1.0,629.9360919300001,Vivo V15,https://d1n6dbtoa2690v.cloudfront.net/images/product/150/81971_150_1.jpg,Rp 1.799.000,https://www.pricebook.co.id//Vivo-V15-64GB/40/PD_00081971
178,178,Vivo V15,MT6771T Helio P70,6 GB,64 GB,6.53 inch,4000 mAh,8 MP,24 MP,Rp 1.799.000,https://d1n6dbtoa2690v.cloudfront.net/images/product/150/81971_150_1.jpg,179,4,128,6.51,5000,8.0,50,1889000.0,3.0,2.0,2.0,2.0,3.0,2.0,826.60455231,Vivo Y21S,https://d1n6dbtoa2690v.cloudfront.net/images/product/150/96995_150_1.jpg,Rp 1.889.000,https://www.pricebook.co.id//Vivo-Y21S-RAM-4GB-ROM-128GB/40/PD_00096995
179,179,Vivo Y21S,Helio G80 (12 nm),4 GB,128 GB,6.51 inch,5000 mAh,8 MP,50 MP,Rp 1.889.000,https://d1n6dbtoa2690v.cloudfront.net/images/product/150/96995_150_1.jpg,180,4,64,6.47,5000,8.0,13,1899000.0,3.0,2.0,2.0,2.0,1.0,2.0,766.08904307,Vivo Y30i,https://d1n6dbtoa2690v.cloudfront.net/images/product/150/93218_150_1.jpg,Rp 1.899.000,https://www.pricebook.co.id//Vivo-Y30i-RAM-4GB-ROM-64GB/40/PD_00093218
180,180,Vivo Y30i,MT6765 Helio P35,4 GB,64 GB,6.47 inch,5000 mAh,8 MP,13 MP,Rp 1.899.000,https://d1n6dbtoa2690v.cloudfront.net/images/product/150/93218_150_1.jpg,181,2,32,6.51,5000,5.0,8,1225000.0,2.0,1.0,2.0,2.0,1.0,2.0,740.37066031,Vivo y01,https://d1n6dbtoa2690v.cloudfront.net/images/product/150/97850_150_1.jpg,Rp 1.225.000,https://www.pricebook.co.id//Vivo-y01-RAM-2GB-ROM-32GB/40/PD_00097850
181,181,Vivo y01,MT6765 Helio P35 (12nm),2 GB,32 GB,6.51 inch,5000 mAh,5 MP,8 MP,Rp 1.225.000,https://d1n6dbtoa2690v.cloudfront.net/images/product/150/97850_150_1.jpg,182,2,16,6.0,3360,5.0,13,1450000.0,2.0,1.0,1.0,2.0,1.0,1.0,497.854252,Vivo Y71,https://d1n6dbtoa2690v.cloudfront.net/images/product/150/78103_150_1.jpg,Rp 1.450.000,https://www.pricebook.co.id//Vivo-Y71-RAM-2GB-ROM-16GB/40/PD_00078103
182,182,Vivo Y71,MSM8917 Snapdragon 425,2 GB,16 GB,6 inch,3360 mAh,5 MP,13 MP,Rp 1.450.000,https://d1n6dbtoa2690v.cloudfront.net/images/product/150/78103_150_1.jpg,183,6,128,6.51,5000,8.0,50,2149000.0,4.0,2.0,2.0,2.0,3.0,2.0,828.0158083100001,Vivo Y21T,https://d1n6dbtoa2690v.cloudfront.net/images/product/150/97552_150_1.jpg,Rp 2.149.000,https://www.pricebook.co.id//Vivo-Y21T-RAM-6GB-ROM-128GB/40/PD_00097552
183,183,Vivo Y21T,SM6225 Snapdragon 680 4G (6 nm),6 GB,128 GB,6.51 inch,5000 mAh,8 MP,50 MP,Rp 2.149.000,https://d1n6dbtoa2690v.cloudfront.net/images/product/150/97552_150_1.jpg,184,3,32,6.0,3360,5.0,13,2275000.0,4.0,1.0,2.0,2.0,1.0,1.0,509.617448,Vivo Y71,https://d1n6dbtoa2690v.cloudfront.net/images/product/150/78536_150_1.jpg,Rp 2.275.000,https://www.pricebook.co.id//Vivo-Y71-RAM-3GB-ROM-32GB/40/PD_00078536
184,184,Vivo Y71,MSM8917 Snapdragon 425,3 GB,32 GB,6 inch,3360 mAh,5 MP,13 MP,Rp 2.275.000,https://d1n6dbtoa2690v.cloudfront.net/images/product/150/78536_150_1.jpg,185,4,64,6.3,3315,25.0,16,2299900.0,4.0,2.0,2.0,2.0,1.0,1.0,527.4069333000001,Vivo V11,https://d1n6dbtoa2690v.cloudfront.net/images/product/150/92988_150_1.jpg,Rp 2.299.900,https://www.pricebook.co.id//Vivo-V11-RAM-4GB-ROM-64GB/40/PD_00092988
185,185,Vivo V11,Helio P60 MT6771,4 GB,64 GB,6.3 inch,3315 mAh,25 MP,16 MP,Rp 2.299.900,https://d1n6dbtoa2690v.cloudfront.net/images/product/150/92988_150_1.jpg,186,4,32,5.5,3000,20.0,13,3149100.0,6.0,2.0,2.0,1.0,1.0,1.0,458.9576855000001,Vivo V5,https://d1n6dbtoa2690v.cloudfront.net/images/product/150/58845_150_1.jpg,Rp 3.149.100,https://www.pricebook.co.id//Vivo-V5-RAM-4GB-ROM-32GB/40/PD_00058845
186,186,Vivo V5,MT6750,4 GB,32 GB,5.5 inch,3000 mAh,20 MP,13 MP,Rp 3.149.100,https://d1n6dbtoa2690v.cloudfront.net/images/product/150/58845_150_1.jpg,187,4,128,6.38,4500,32.0,16,2329000.0,4.0,2.0,2.0,2.0,1.0,2.0,740.4143387800001,Vivo S1,https://d1n6dbtoa2690v.cloudfront.net/images/product/150/84854_150_1.jpg,Rp 2.329.000,https://www.pricebook.co.id//Vivo-S1-RAM-4GB-ROM-128GB/40/PD_00084854
